Fecha;Ciudad;Categoría_Producto;Productos_Vendidos;Ingresos;Gastos;Clientes_Atendidos
2021-07-26;Bucaramanga;Deportes;20;1727469,9;1237192,17;45
2021-07-27;Manizales;Ropa;19;2354479,24;1194313,85;5
2021-07-28;Medellín;Tecnología;19;2281322;984851,91;10
2021-07-29;Manizales;Tecnología;21;1994837,74;1092072,85;42
2021-07-29;Pereira;Alimentos;18;1414497,54;991901,23;9
2021-07-30;Bogotá;Hogar;19;1717943,39;618210,71;13
2021-07-31;Medellín;Deportes;20;2112390,28;979373,16;44
2021-07-31;Bucaramanga;Deportes;17;1811926,51;1097054,12;17
2021-07-31;Cartagena;Deportes;14;2152430,4;1493786,49;20
2021-08-02;Bucaramanga;Ropa;22;2074711,22;966665,9;37
2021-08-03;Pereira;Deportes;16;2325244,74;995033,3;6
2021-08-03;Medellín;Hogar;16;2997390,29;1131156,4;39
2021-08-03;Bucaramanga;Deportes;26;1729154,54;849804,95;27
2021-08-04;Cali;Hogar;14;2511107,24;813396;18
2021-08-05;Cali;Deportes;18;1990376,74;1655284,34;21
2021-08-05;Barranquilla;Tecnología;9;1163148,27;1441763,39;43
2021-08-05;Bogotá;Hogar;18;1544279,07;1296663,67;44
2021-08-06;Manizales;Ropa;21;2548670,36;1354102,71;49
2021-08-08;Bucaramanga;Ropa;10;1388672,8;1111414,76;47
2021-08-09;Pereira;Ropa;19;2244871,27;1201606,11;42
2021-08-10;Cali;Deportes;28;2344206,5;1367857,17;40
2021-08-16;Bogotá;Hogar;20;3016515,75;1643087,02;36
2021-08-21;Barranquilla;Ropa;21;1521037,23;1061166,67;15
2021-08-23;Bogotá;Alimentos;20;1545656,24;1100951,74;39
2021-08-23;Cartagena;Deportes;24;1581776,71;1128980,11;12
2021-08-24;Cali;Deportes;19;1537054,53;1387806,05;33
2021-08-25;Pereira;Ropa;24;2857895,81;618425,72;18
2021-08-26;Pereira;Hogar;16;2061180,7;1250024,98;40
2021-08-26;Cartagena;Tecnología;16;2782992,02;1403800,58;24
2021-08-28;Cartagena;Deportes;23;1579299,89;626440,64;43
2021-08-30;Bucaramanga;Tecnología;15;1802382,64;1001673,57;47
2021-08-31;Bogotá;Hogar;18;1611294,68;1386736,08;5
2021-09-02;Pereira;Alimentos;21;1160056,89;604170,39;44
2021-09-05;Cali;Deportes;18;2515902,04;1091655,68;28
2021-09-05;Manizales;Alimentos;24;2465013,55;1052254,64;41
2021-09-06;Pereira;Deportes;22;1779175,89;1829837,33;30
2021-09-08;Manizales;Tecnología;17;2252709,99;1659833,16;47
2021-09-08;Pereira;Tecnología;32;2220691,6;1243482,02;26
2021-09-08;Cali;Deportes;16;2386463,37;940289,9;23
2021-09-08;Pereira;Ropa;24;1448100,2;979613,71;40
2021-09-08;Cali;Hogar;15;1569781,45;1018830,23;37
2021-09-09;Medellín;Hogar;20;1829351,44;1511422,72;26
2021-09-10;Bucaramanga;Ropa;25;2593621,45;1290777,4;15
2021-09-11;Bogotá;Ropa;12;2067496,8;1257090,88;45
2021-09-11;Pereira;Hogar;19;2583228,55;862715,71;8
2021-09-12;Cartagena;Hogar;23;1127154,53;1367765,44;34
2021-09-12;Barranquilla;Ropa;17;1993017,51;1360621,51;30
2021-09-13;Bogotá;Deportes;25;1584213,88;1646803,19;9
2021-09-13;Medellín;Deportes;16;2318790,15;1288880,89;17
2021-09-13;Pereira;Alimentos;9;1517365,34;1349635,91;42
2021-09-14;Barranquilla;Ropa;18;2494695;1580930,88;33
2021-09-15;Bogotá;Alimentos;28;2453471,4;945326,86;29
2021-09-15;Bucaramanga;Alimentos;17;2319091,52;1781030,18;41
2021-09-16;Manizales;Alimentos;13;2172720,29;1201360,9;6
2021-09-19;Cali;Tecnología;24;2503660,61;1335722,7;29
2021-09-19;Bucaramanga;Hogar;16;2493595,67;924428,7;28
2021-09-21;Cali;Deportes;14;2441385,95;1654672,03;23
2021-09-22;Cartagena;Ropa;27;2128218,03;1010234,41;30
2021-09-24;Cali;Tecnología;15;1654891,52;1224602,15;5
2021-09-25;Manizales;Tecnología;18;1239956,65;1237216,18;46
2021-09-26;Bucaramanga;Tecnología;18;1369279,94;882423,16;24
2021-09-27;Pereira;Hogar;24;1647764,98;1087226,98;23
2021-09-27;Pereira;Alimentos;20;2278261,52;1676934,3;11
2021-09-29;Bogotá;Hogar;16;1723230,26;1809483,24;10
2021-09-29;Pereira;Tecnología;14;2323283,28;1311002,7;38
2021-09-30;Cartagena;Ropa;18;2004421,26;1354459,98;9
2021-09-30;Bogotá;Hogar;25;2961968,61;1338964,12;38
2021-10-01;Pereira;Ropa;13;2041112,59;1440398,73;10
2021-10-01;Medellín;Deportes;18;1753376,39;644634,02;38
2021-10-03;Bucaramanga;Alimentos;33;1976316,48;669951,83;41
2021-10-04;Medellín;Hogar;22;1737574,44;857548,65;15
2021-10-04;Medellín;Tecnología;13;1840026,85;1052874,24;14
2021-10-04;Cali;Hogar;22;2497664,51;1635953,67;47
2021-10-05;Bogotá;Deportes;17;926578,81;1061207,34;39
2021-10-05;Bucaramanga;Ropa;16;1899320,22;1316105,15;13
2021-10-06;Bucaramanga;Deportes;26;1912233,67;757834,7;24
2021-10-08;Bogotá;Ropa;21;2347722,15;531808,18;41
2021-10-11;Cali;Tecnología;18;2108915,18;1347690,74;48
2021-10-11;Pereira;Tecnología;17;2511259,26;1396502,9;7
2021-10-12;Pereira;Deportes;25;1318654,78;1603010,25;44
2021-10-14;Manizales;Deportes;20;2260049,23;1050401,81;17
2021-10-15;Cartagena;Ropa;20;936263,04;1092268,13;10
2021-10-16;Manizales;Alimentos;19;1196118,86;1231781,9;32
2021-10-17;Medellín;Ropa;26;1562851,58;1381704,25;10
2021-10-19;Bucaramanga;Hogar;13;2354631,63;482923,08;29
2021-10-20;Bucaramanga;Hogar;18;1941212,44;561232,3;48
2021-10-23;Pereira;Ropa;11;2616427,57;1004680,86;20
2021-10-24;Cali;Deportes;22;1942507,79;708087,74;16
2021-10-25;Pereira;Tecnología;19;2501144,36;967238,43;13
2021-10-28;Manizales;Deportes;16;2142334,56;1046738,83;17
2021-10-28;Pereira;Ropa;19;1428353,11;1497291,4;37
2021-10-31;Bogotá;Hogar;18;2410304,95;1616149,92;32
2021-10-31;Medellín;Deportes;22;2512927,33;-8974,68;49
2021-11-01;Pereira;Ropa;15;2728243,88;1076009,32;29
2021-11-01;Cali;Tecnología;21;1982264,94;958634,64;43
2021-11-01;Cartagena;Ropa;25;1705962,27;1256107,3;38
2021-11-02;Manizales;Hogar;22;2626875,07;1514285,49;13
2021-11-03;Bogotá;Ropa;18;1582086,49;1026978,44;28
2021-11-06;Cartagena;Deportes;22;2509127,38;621301,38;9
2021-11-07;Medellín;Hogar;17;1189076,92;1145403,17;47
2021-11-08;Manizales;Tecnología;17;1907342;1281769,58;26
2021-11-08;Medellín;Tecnología;21;2473572,45;1148811,75;29
2021-11-10;Barranquilla;Deportes;23;2315889,92;982907,74;15
2021-11-10;Bucaramanga;Alimentos;24;1990163,52;1672356,87;19
2021-11-10;Bogotá;Tecnología;19;1691778,54;1546569,07;16
2021-11-13;Cartagena;Hogar;24;2263420,53;1075494,37;20
2021-11-14;Manizales;Tecnología;23;2234088,65;1558135,75;47
2021-11-14;Bucaramanga;Deportes;12;1616954,14;1132169,19;7
2021-11-16;Bogotá;Ropa;24;1553657,37;1401024,98;18
2021-11-16;Barranquilla;Tecnología;21;1909563,29;1352953,82;47
2021-11-18;Barranquilla;Ropa;15;1517020,38;1312730,24;16
2021-11-18;Barranquilla;Deportes;14;2118675,66;1027644,8;12
2021-11-19;Medellín;Tecnología;17;2130863,14;1323825,17;39
2021-11-19;Cartagena;Hogar;24;1802065,74;1530302,29;39
2021-11-20;Manizales;Tecnología;19;2114884,3;1432419,7;27
2021-11-20;Cartagena;Alimentos;19;1902295,7;1234705,43;45
2021-11-21;Barranquilla;Alimentos;19;604770,47;1010544,83;20
2021-11-21;Bogotá;Ropa;16;2158169,99;1116455,13;7
2021-11-21;Manizales;Alimentos;26;1508237,26;1186657,98;18
2021-11-22;Pereira;Tecnología;13;2341605,98;1094565,33;31
2021-11-22;Pereira;Alimentos;19;1794777,01;1120537,21;37
2021-11-23;Bucaramanga;Alimentos;19;2744006,43;1140921;11
2021-11-24;Manizales;Hogar;21;2076973,02;1220811,27;8
2021-11-25;Cali;Tecnología;24;1340720,77;1290100,04;35
2021-11-27;Cartagena;Alimentos;15;1677096,43;1418030,81;40
2021-11-29;Bogotá;Alimentos;26;496816,9;992868,26;11
2021-11-29;Cali;Ropa;18;2128021,8;934302,73;44
2021-11-30;Manizales;Tecnología;26;1704776,28;1143466,43;28
2021-11-30;Barranquilla;Alimentos;21;1964912,26;1191436,76;5
2021-12-02;Pereira;Deportes;11;1985486,33;1349226,6;21
2021-12-04;Medellín;Alimentos;17;2540371,75;967660,29;40
2021-12-07;Pereira;Ropa;15;1963545,28;1107316,57;48
2021-12-08;Bogotá;Tecnología;20;2259234,53;1693009,01;13
2021-12-08;Medellín;Tecnología;24;1928025,8;1067090,51;5
2021-12-09;Medellín;Deportes;18;1858208,24;1008682,62;6
2021-12-10;Barranquilla;Ropa;14;2559556,5;1387602,87;27
2021-12-11;Bogotá;Ropa;19;1927542,45;1652166,57;31
2021-12-11;Medellín;Alimentos;15;1759327,58;1951901,62;5
2021-12-11;Cali;Alimentos;10;1943143,92;771147,06;19
2021-12-13;Barranquilla;Alimentos;18;1520691,92;1716546,75;12
2021-12-14;Medellín;Alimentos;22;1821068,54;822310,64;23
2021-12-14;Manizales;Alimentos;28;2350970,49;826632,57;45
2021-12-14;Bucaramanga;Tecnología;15;1672580,88;1352969,29;18
2021-12-16;Cali;Alimentos;26;2414343,62;1355823;23
2021-12-18;Medellín;Alimentos;14;2252984,44;1357803,8;33
2021-12-18;Cartagena;Ropa;20;2494276,54;1388339,62;39
2021-12-18;Cartagena;Alimentos;29;1193419,68;1040295,46;49
2021-12-18;Barranquilla;Hogar;16;1273684,42;1343363,91;36
2021-12-20;Cali;Alimentos;23;1222984,48;1403482,62;18
2021-12-20;Bogotá;Ropa;25;2808790,93;1541256,53;19
2021-12-20;Pereira;Tecnología;19;2526831,58;982747,48;40
2021-12-21;Barranquilla;Alimentos;15;1944270,48;1512326,95;27
2021-12-21;Medellín;Hogar;15;1683025,17;1218314,53;31
2021-12-22;Cali;Deportes;15;2089429,47;933335,93;41
2021-12-24;Manizales;Tecnología;23;1998291,19;1619723,21;48
2021-12-24;Cartagena;Hogar;16;2285658,98;1564866,15;27
2021-12-25;Bucaramanga;Alimentos;10;2434621,19;1188341,72;48
2021-12-26;Medellín;Ropa;24;2709760,37;1322073,56;36
2021-12-27;Pereira;Ropa;14;1921712,43;1382794,07;24
2021-12-29;Medellín;Ropa;23;2069502,03;1013615,11;35
2021-12-29;Cartagena;Ropa;15;1889355,99;1046430,53;47
2021-12-30;Manizales;Deportes;20;1851795,71;978238,18;38
2021-12-30;Bucaramanga;Ropa;17;2172607,11;870600,63;19
2021-12-31;Bogotá;Alimentos;23;2607289,87;1198630,08;47
2022-01-01;Bogotá;Alimentos;17;2384642,33;913100,75;6
2022-01-02;Pereira;Tecnología;12;1874592,73;1369847,41;42
2022-01-03;Bucaramanga;Ropa;21;1782735,26;752809,67;17
2022-01-03;Cali;Hogar;16;2126628,23;1237979,86;22
2022-01-04;Cali;Alimentos;18;3143997,7;1366405,59;48
2022-01-04;Cali;Deportes;19;2333635,33;915701,03;6
2022-01-04;Manizales;Tecnología;17;2260730,08;1358886,8;9
2022-01-07;Medellín;Ropa;22;2003396,59;921916,13;13
2022-01-07;Cali;Alimentos;21;1599981,1;464649,13;40
2022-01-07;Bucaramanga;Ropa;19;2019756,06;1564381,15;48
2022-01-08;Cali;Ropa;23;2892833,52;1069952,37;49
2022-01-08;Manizales;Hogar;14;1199464,43;1629418,09;24
2022-01-09;Barranquilla;Tecnología;26;2624541,96;1543226,05;34
2022-01-11;Manizales;Ropa;16;1718464,23;1274764,12;27
2022-01-12;Barranquilla;Hogar;21;676694,34;1077488,03;47
2022-01-14;Medellín;Deportes;18;1936270,2;1476622,9;13
2022-01-15;Barranquilla;Tecnología;20;1616977,37;830370,58;9
2022-01-18;Cartagena;Hogar;14;2547303,47;1005622,2;5
2022-01-19;Cartagena;Deportes;19;1970953,67;1163515,52;10
2022-01-20;Medellín;Alimentos;14;1780088,58;1166465,21;38
2022-01-20;Medellín;Alimentos;14;3056507,77;1211223,92;35
2022-01-20;Barranquilla;Hogar;21;2297727,27;1508923,67;13
2022-01-21;Pereira;Hogar;20;1611518,87;1070336,69;44
2022-01-22;Bucaramanga;Ropa;19;1890206,96;1051025,77;6
2022-01-22;Pereira;Ropa;20;2030346,7;1378457,73;18
2022-01-24;Bogotá;Ropa;19;2263964,16;953281,92;26
2022-01-24;Cali;Ropa;18;2959862,15;1782566,61;37
2022-01-24;Bucaramanga;Hogar;17;2331686,38;1267405,99;33
2022-01-27;Pereira;Hogar;21;1396460,05;1277137,15;14
2022-01-28;Pereira;Alimentos;24;1995479,56;1224615,21;32
2022-01-29;Medellín;Tecnología;22;927669,15;867573,13;36
2022-01-29;Medellín;Alimentos;14;1949857,49;1111877,82;19
2022-01-29;Medellín;Hogar;15;2341211,47;1566741,91;21
2022-01-30;Manizales;Deportes;17;1959293,09;1163590,72;47
2022-01-30;Medellín;Ropa;25;1682812,11;1031744,69;38
2022-01-31;Bogotá;Ropa;13;2252246,61;1073473,66;12
2022-01-31;Cali;Ropa;25;1701800,43;1009723,72;6
2022-02-01;Medellín;Deportes;18;2204587,15;1108200,73;24
2022-02-01;Pereira;Alimentos;22;2440670,58;1298462,95;14
2022-02-02;Pereira;Ropa;18;1736098,33;704519,55;28
2022-02-05;Bucaramanga;Hogar;26;1441088,11;1095475,04;46
2022-02-05;Pereira;Tecnología;19;2248200,02;1363975,86;16
2022-02-06;Cali;Deportes;28;2185363,07;1226193,14;30
2022-02-07;Pereira;Alimentos;16;3623696,55;1296449,54;9
2022-02-10;Pereira;Alimentos;17;2952406,32;897107,98;18
2022-02-11;Bogotá;Tecnología;20;859405,05;1393931,54;16
2022-02-12;Bogotá;Ropa;21;2054242,34;1053119,86;27
2022-02-16;Bogotá;Ropa;12;1433462,19;1098295,26;25
2022-02-16;Cali;Alimentos;21;1840242,33;1317066,91;12
2022-02-22;Bucaramanga;Deportes;15;1842683,77;1619826,42;19
2022-02-25;Pereira;Tecnología;19;2332904,83;1393493,67;14
2022-02-27;Pereira;Alimentos;24;2319448,96;882521,76;30
2022-03-01;Bucaramanga;Alimentos;21;2318287,76;1279233,77;24
2022-03-01;Cartagena;Ropa;18;2451872,91;1125233,59;27
2022-03-02;Bogotá;Hogar;15;1743652,65;1574370,76;21
2022-03-02;Barranquilla;Hogar;16;1980804,03;1013995,87;22
2022-03-04;Manizales;Alimentos;20;1489985,96;1392504,53;6
2022-03-05;Medellín;Ropa;23;1973004,26;1144951,81;31
2022-03-05;Cali;Alimentos;25;1551010,21;1424965,63;32
2022-03-06;Manizales;Deportes;20;2016282,83;1463091,09;47
2022-03-06;Pereira;Ropa;9;1757963,44;1233529,44;31
2022-03-07;Bogotá;Alimentos;11;1917297,24;1606885,83;24
2022-03-09;Bucaramanga;Ropa;17;1440579,84;1210726,5;46
2022-03-10;Medellín;Alimentos;16;2009633,2;1076038,44;40
2022-03-12;Bucaramanga;Hogar;22;2804208,7;1302770,03;14
2022-03-12;Barranquilla;Tecnología;19;2096859,29;1350004,99;48
2022-03-12;Bogotá;Deportes;14;2013716,88;1318310,16;45
2022-03-14;Bogotá;Alimentos;16;870440,02;1152787,48;16
2022-03-14;Bogotá;Alimentos;22;1706665,69;785718,92;22
2022-03-15;Medellín;Deportes;29;1458500,39;959204,57;11
2022-03-15;Cali;Ropa;18;2803952,44;750365,56;5
2022-03-16;Bogotá;Hogar;21;2348832,3;1328323,4;18
2022-03-16;Cali;Deportes;11;2240047,17;1531795,86;44
2022-03-16;Medellín;Tecnología;22;3040008,64;948531,96;20
2022-03-16;Cali;Tecnología;24;1772319,86;879684,49;44
2022-03-16;Medellín;Alimentos;27;2014267,69;991128,58;21
2022-03-17;Cali;Tecnología;22;1352156,94;1452685,31;44
2022-03-18;Cartagena;Ropa;12;1902068,61;1762093,15;36
2022-03-20;Manizales;Ropa;16;1945607,28;715911,45;33
2022-03-21;Medellín;Ropa;25;2078628,88;1292246,16;23
2022-03-21;Cartagena;Alimentos;25;1482024,46;893525,55;37
2022-03-21;Manizales;Hogar;21;2316278,64;1234932,54;48
2022-03-22;Bogotá;Tecnología;20;1749658,02;1245121,78;32
2022-03-23;Cartagena;Tecnología;19;2421653,3;947582,25;16
2022-03-23;Pereira;Ropa;19;2636685,69;1150627,61;42
2022-03-24;Medellín;Alimentos;22;1784080,48;1584274;44
2022-03-26;Bucaramanga;Tecnología;17;1565593,38;1068581,68;35
2022-03-27;Cartagena;Hogar;21;2354893,73;1008061,85;43
2022-03-28;Barranquilla;Alimentos;16;1879606,49;1625638,46;32
2022-03-30;Barranquilla;Hogar;20;1479680,12;1238312,91;48
2022-03-31;Manizales;Deportes;28;1729656,47;1819948,52;13
2022-03-31;Pereira;Ropa;23;2290024,5;1510912,91;43
2022-03-31;Manizales;Deportes;22;567604,89;698613,63;36
2022-04-01;Medellín;Alimentos;24;2334131,84;972977,04;5
2022-04-04;Manizales;Ropa;19;1280372,4;1562813,91;21
2022-04-05;Cartagena;Hogar;20;2656142,11;1186538,11;12
2022-04-05;Medellín;Hogar;19;2357327,63;870924,91;21
2022-04-05;Manizales;Alimentos;25;2721343,76;1170990,49;19
2022-04-08;Cartagena;Ropa;23;2480045,77;1341112,25;13
2022-04-09;Cartagena;Deportes;18;783310,21;1334648,7;5
2022-04-09;Bogotá;Deportes;19;1612378,66;1229606,44;28
2022-04-09;Pereira;Alimentos;26;1853001,94;961463,55;44
2022-04-11;Bogotá;Deportes;17;1622697,24;1198698,18;9
2022-04-12;Bogotá;Hogar;24;2447305,61;1156487,38;20
2022-04-15;Pereira;Hogar;18;2496003,88;1144913,43;11
2022-04-15;Manizales;Tecnología;19;2061588,31;1590108,29;26
2022-04-15;Medellín;Alimentos;22;2023934,27;1091575,91;27
2022-04-16;Barranquilla;Deportes;22;2581700,31;967392,65;33
2022-04-17;Cali;Alimentos;23;2705302,18;983177,12;27
2022-04-18;Bogotá;Alimentos;22;2620175,26;1183214,45;47
2022-04-19;Manizales;Deportes;20;1798514,79;1190120,2;29
2022-04-20;Bucaramanga;Ropa;18;1721568,71;1478861,63;49
2022-04-20;Cali;Alimentos;20;1771675,12;1470009,92;38
2022-04-20;Bucaramanga;Alimentos;13;2086260,7;1252648,84;34
2022-04-21;Medellín;Ropa;11;2061326,3;1370858,73;38
2022-04-21;Cali;Deportes;18;1187347,8;1982868,36;35
2022-04-23;Manizales;Hogar;17;1616127,14;1583880,22;15
2022-04-24;Medellín;Alimentos;20;1808626,71;809096,54;19
2022-04-25;Manizales;Tecnología;13;831584,83;1270797,63;9
2022-04-26;Bucaramanga;Alimentos;19;2018467,56;1207129,3;40
2022-04-26;Cali;Deportes;18;979399,14;630722,96;32
2022-04-28;Pereira;Tecnología;17;1735583,42;657332,74;27
2022-05-01;Manizales;Ropa;19;2528609,55;1153443,88;48
2022-05-02;Cartagena;Ropa;21;1790032,2;1173770,63;11
2022-05-04;Barranquilla;Deportes;21;2692079,77;1324914,59;34
2022-05-06;Pereira;Tecnología;16;2094207,2;1317321,04;25
2022-05-07;Cartagena;Deportes;20;2245013,87;1264052,33;30
2022-05-07;Bucaramanga;Tecnología;20;2999896,2;930847,45;32
2022-05-08;Bogotá;Deportes;28;2162168,03;1262395,82;41
2022-05-09;Pereira;Deportes;16;1507499,61;1060248,66;31
2022-05-10;Medellín;Deportes;25;2586993,4;870953,47;14
2022-05-10;Cartagena;Ropa;10;1493636,96;1274725,83;43
2022-05-10;Cartagena;Deportes;23;1829224,44;1652227,61;10
2022-05-10;Bucaramanga;Alimentos;16;1977129,72;1097702,74;17
2022-05-12;Pereira;Ropa;21;2392208,63;1012219,82;8
2022-05-12;Bucaramanga;Alimentos;18;1803047,06;1059557,73;20
2022-05-16;Cartagena;Tecnología;13;2148312,86;1272780,08;22
2022-05-16;Bogotá;Deportes;23;1980739,68;1133244,41;7
2022-05-16;Cartagena;Deportes;19;2683993,94;916368,57;43
2022-05-19;Medellín;Tecnología;26;2078956,89;1412133,01;6
2022-05-19;Medellín;Hogar;13;1825863,34;1243991,57;9
2022-05-20;Bogotá;Deportes;26;2481326,46;1689933,78;38
2022-05-20;Bogotá;Hogar;16;2008194,04;1308588,7;8
2022-05-20;Pereira;Deportes;16;2276607,07;830630,22;18
2022-05-21;Cali;Ropa;18;2486075,7;1417248,11;11
2022-05-21;Bogotá;Deportes;24;1504169,56;1361852,56;12
2022-05-21;Barranquilla;Ropa;26;2143490,98;852003,33;7
2022-05-23;Pereira;Deportes;13;2421058,81;1017428,33;27
2022-05-23;Cartagena;Alimentos;10;1903608,2;1086301,43;23
2022-05-24;Bogotá;Tecnología;21;2991410,68;817157,54;14
2022-05-25;Bucaramanga;Alimentos;18;1801342,75;1228815,79;27
2022-05-26;Barranquilla;Tecnología;15;1677792,78;870169,6;24
2022-05-26;Bucaramanga;Hogar;24;2445419,58;966619,23;46
2022-05-27;Barranquilla;Deportes;22;2069111,94;887945,8;36
2022-05-27;Bucaramanga;Hogar;26;520454,27;1430122,6;47
2022-05-28;Cartagena;Alimentos;20;1202378,7;982186,85;23
2022-05-29;Medellín;Hogar;17;2324466,07;886994,25;11
2022-05-30;Medellín;Hogar;18;2510942,58;1320904,38;21
2022-05-30;Medellín;Ropa;20;2221026,83;1443410,39;44
2022-05-31;Manizales;Alimentos;22;2002251,73;805843,2;8
2022-06-05;Bogotá;Deportes;20;1199251,07;992903,87;8
2022-06-07;Pereira;Alimentos;20;2033104,95;694598,42;9
2022-06-07;Pereira;Deportes;21;1937032,68;622083,91;46
2022-06-08;Barranquilla;Deportes;25;1947690,9;1196171,21;23
2022-06-08;Bogotá;Ropa;19;1714434,02;1706277,9;18
2022-06-11;Manizales;Deportes;16;2504390,18;1334773,33;16
2022-06-13;Cartagena;Ropa;26;1502499,04;1302117,74;13
2022-06-13;Manizales;Hogar;30;3380940,2;798291,83;48
2022-06-13;Bucaramanga;Deportes;21;2558606,85;1468303,27;42
2022-06-14;Medellín;Alimentos;14;1886290,44;1491841;14
2022-06-15;Cali;Deportes;16;2481720,5;1516060,47;46
2022-06-15;Pereira;Tecnología;20;2011505,75;1408325,17;8
2022-06-18;Medellín;Alimentos;29;1397478,75;1161762,61;25
2022-06-18;Bucaramanga;Alimentos;22;1764570,97;1192681,53;15
2022-06-18;Bucaramanga;Ropa;27;1847753;1374835,6;45
2022-06-18;Bucaramanga;Tecnología;17;1993031,28;1191776,36;45
2022-06-18;Bogotá;Alimentos;22;2148096,7;1725969,15;33
2022-06-21;Cali;Tecnología;21;1497257,95;809570,72;27
2022-06-22;Cartagena;Alimentos;18;2538778,54;1287699,19;35
2022-06-23;Bucaramanga;Tecnología;27;2332063,75;1233720,56;29
2022-06-24;Cali;Tecnología;20;1652306,64;1241927,37;36
2022-06-25;Cartagena;Hogar;18;2950200,45;1657325,08;9
2022-06-25;Pereira;Hogar;16;2274326,07;1062895,57;13
2022-06-26;Cali;Tecnología;14;1702756,52;1334108,69;21
2022-06-26;Pereira;Tecnología;26;2572169,15;957215,54;39
2022-06-27;Manizales;Hogar;18;2618658,45;1816852,62;24
2022-06-27;Manizales;Hogar;20;2812588,47;740303,47;27
2022-06-29;Bucaramanga;Deportes;19;2005231,01;1307498,31;10
2022-06-30;Pereira;Tecnología;16;1681395,81;1126706,9;33
2022-06-30;Cartagena;Ropa;13;2233710,07;1751889,69;45
2022-07-01;Medellín;Deportes;12;2843081,06;1192828,31;30
2022-07-01;Barranquilla;Tecnología;20;2192182,36;1170758,88;18
2022-07-02;Cali;Ropa;23;1355048,84;1261333,6;26
2022-07-05;Cali;Ropa;21;1769821,9;925772,17;32
2022-07-06;Bucaramanga;Hogar;19;774922,14;1515334,22;30
2022-07-07;Bogotá;Hogar;13;2332087,3;598597,02;9
2022-07-08;Cali;Hogar;22;2347038,05;906935,14;12
2022-07-09;Manizales;Deportes;23;2114215,53;1830494,95;25
2022-07-10;Barranquilla;Ropa;25;2179913,86;928577,99;24
2022-07-11;Barranquilla;Deportes;28;1972074,28;1107195,43;7
2022-07-11;Cali;Hogar;13;2207519,5;617644,89;14
2022-07-12;Pereira;Deportes;26;3138277,64;1260135,11;38
2022-07-13;Medellín;Ropa;29;1934511,46;953361,33;20
2022-07-13;Cartagena;Hogar;16;2268277,61;831796,35;22
2022-07-13;Cartagena;Ropa;16;2465114,52;1103912,35;44
2022-07-13;Bogotá;Ropa;18;2234148,87;719110,78;9
2022-07-14;Bogotá;Tecnología;18;2128982,67;1423519,01;14
2022-07-14;Barranquilla;Ropa;18;2824798,48;1218215,67;45
2022-07-14;Manizales;Tecnología;22;2107046,84;1345846,9;24
2022-07-14;Manizales;Tecnología;19;2122513,67;730284,08;35
2022-07-14;Medellín;Hogar;17;1841389,11;962277,17;40
2022-07-15;Cartagena;Hogar;14;1342972,81;1460405,5;30
2022-07-16;Cali;Ropa;21;2901233,59;938723,42;28
2022-07-17;Barranquilla;Deportes;23;2347014,66;705620,68;6
2022-07-18;Barranquilla;Hogar;14;1733071,13;1737240,25;41
2022-07-19;Pereira;Deportes;16;2258528,81;1147327,65;37
2022-07-20;Manizales;Deportes;20;1538745,71;1917298,43;24
2022-07-20;Medellín;Ropa;19;2542872,62;1398302;46
2022-07-22;Bucaramanga;Deportes;24;1620680,58;1290417,28;22
2022-07-24;Medellín;Ropa;22;2662314,28;1034334,44;47
2022-07-25;Manizales;Alimentos;19;2086871,93;805543,15;28
2022-07-25;Cali;Ropa;16;1298294,91;1526775,14;11
2022-07-25;Barranquilla;Ropa;17;2081582,76;1278675,36;18
2022-07-25;Cali;Tecnología;20;2363800,68;1227848,16;32
2022-07-27;Pereira;Hogar;17;1609955,04;1018589,27;42
2022-07-28;Barranquilla;Alimentos;22;1931117,84;1277411,45;43
2022-07-28;Bucaramanga;Deportes;18;1062953,28;1443768,6;27
2022-07-29;Bogotá;Deportes;21;2848129,51;867736,53;32
2022-07-30;Cali;Ropa;15;850587,67;806769,27;7
2022-07-31;Medellín;Alimentos;18;2842999,69;1688130,61;33
2022-08-01;Manizales;Hogar;21;2199773,08;1371767,94;42
2022-08-02;Bucaramanga;Deportes;19;2208072,14;1124921,91;26
2022-08-02;Barranquilla;Tecnología;23;1496102,65;1894569,73;48
2022-08-02;Pereira;Tecnología;17;1501299,44;1340665,74;11
2022-08-02;Barranquilla;Alimentos;26;2367185,29;1403962;12
2022-08-03;Manizales;Ropa;22;1873569,88;1206886,94;6
2022-08-03;Barranquilla;Hogar;24;1735265,32;1309272,6;19
2022-08-03;Barranquilla;Ropa;18;2069263,4;1258681,86;47
2022-08-04;Manizales;Deportes;19;1905989,51;365164,29;45
2022-08-04;Cali;Tecnología;25;1903014,65;797050,81;29
2022-08-05;Cali;Ropa;18;1622221,93;1476792,42;22
2022-08-05;Cartagena;Ropa;20;2510923,45;1630774,98;29
2022-08-06;Pereira;Ropa;14;2255101,35;1564863,73;46
2022-08-07;Medellín;Tecnología;19;1980348,07;1217688,78;29
2022-08-07;Medellín;Ropa;21;2647326,91;819752,14;43
2022-08-09;Manizales;Hogar;19;2031634,59;1146025,82;25
2022-08-10;Bucaramanga;Ropa;18;1625994,68;1133534,33;30
2022-08-11;Pereira;Alimentos;24;2383140,42;1323673,3;12
2022-08-13;Barranquilla;Alimentos;28;1497208,3;1513879,45;41
2022-08-15;Barranquilla;Deportes;30;2248744,81;886618,52;30
2022-08-16;Medellín;Ropa;23;1960008,4;1271182,53;21
2022-08-17;Pereira;Alimentos;25;2340663,08;1364654,45;26
2022-08-18;Barranquilla;Deportes;26;1474353,98;1614927,99;24
2022-08-18;Cartagena;Alimentos;19;1285047,16;1099124,11;29
2022-08-18;Cali;Ropa;20;1573422,44;950871,61;13
2022-08-21;Manizales;Deportes;20;2230056,34;1126755,67;32
2022-08-22;Medellín;Tecnología;12;2159695,87;1225474,36;9
2022-08-23;Cartagena;Alimentos;16;2238866,58;1252325,82;10
2022-08-23;Barranquilla;Ropa;12;2059844,38;1555586,06;48
2022-08-24;Cali;Ropa;16;1511914,06;888477,14;26
2022-08-28;Bogotá;Tecnología;21;2326304,54;1035748,83;33
2022-08-29;Manizales;Ropa;18;2315804,59;1314375,23;33
2022-09-01;Manizales;Tecnología;16;2378883,77;1315337,12;8
2022-09-02;Cali;Ropa;18;2073034,87;987632,87;17
2022-09-06;Bucaramanga;Ropa;16;2188352,8;1232382,31;43
2022-09-07;Bogotá;Hogar;20;2527894,48;844911,25;20
2022-09-08;Bucaramanga;Hogar;15;1943896,53;1081901,91;9
2022-09-08;Bucaramanga;Deportes;19;2220370,83;1547102,39;23
2022-09-12;Barranquilla;Alimentos;16;1596184,7;1126198,62;39
2022-09-15;Cali;Tecnología;15;2134492,44;720725,94;27
2022-09-15;Cartagena;Alimentos;13;1632429,47;935385,91;8
2022-09-15;Manizales;Alimentos;23;2409908,08;690457,95;13
2022-09-16;Cali;Tecnología;14;1908215,21;1461915,62;33
2022-09-17;Cartagena;Ropa;17;1873586,71;1115741,66;14
2022-09-19;Pereira;Alimentos;23;2177360,39;852397,26;35
2022-09-20;Manizales;Alimentos;22;1868158,51;939135,54;16
2022-09-21;Bogotá;Hogar;20;1943964,16;1282111,5;23
2022-09-22;Bucaramanga;Tecnología;24;1354615,66;693281,11;5
2022-09-22;Bogotá;Ropa;20;789540,4;1141171,69;15
2022-09-23;Barranquilla;Deportes;20;2920545,66;767634,88;33
2022-09-26;Bucaramanga;Hogar;23;1774561,57;429550,76;5
2022-09-26;Bucaramanga;Ropa;19;2392085,15;957433,11;24
2022-09-26;Medellín;Ropa;20;2516704,55;1058215,54;48
2022-09-28;Bogotá;Alimentos;20;2976642,44;1140862,72;38
2022-09-28;Bogotá;Deportes;17;1100965,36;1638606,62;13
2022-09-28;Bucaramanga;Deportes;21;2558984,14;1602834,52;48
2022-09-30;Manizales;Deportes;26;2492562,63;908512,95;17
2022-10-01;Barranquilla;Hogar;9;2932424,49;1207298,93;48
2022-10-02;Cali;Deportes;12;828118,61;1220035,97;38
2022-10-02;Bucaramanga;Deportes;17;1679148,67;1242141,02;39
2022-10-03;Bucaramanga;Deportes;19;1212805,9;1347810,17;34
2022-10-03;Manizales;Alimentos;17;1892928,17;1172963,41;8
2022-10-04;Manizales;Hogar;17;2156918,63;1350500,45;39
2022-10-05;Barranquilla;Hogar;24;1544644,2;863236,67;34
2022-10-06;Bucaramanga;Alimentos;16;1251929,13;871132,63;9
2022-10-06;Bogotá;Ropa;18;1280541,95;1732411,08;34
2022-10-06;Pereira;Tecnología;20;2361923,69;827161,85;33
2022-10-07;Bogotá;Alimentos;19;1448707,13;1098687,34;43
2022-10-07;Cartagena;Ropa;16;2167137,92;996128,82;40
2022-10-07;Pereira;Tecnología;18;2074768,15;1232152,94;21
2022-10-08;Pereira;Ropa;16;1469693,24;1497129,31;46
2022-10-08;Bucaramanga;Hogar;14;1481617,3;1017263,76;48
2022-10-10;Medellín;Alimentos;19;2348735,44;1337538,47;19
2022-10-10;Cali;Deportes;13;2304672,88;1610807,65;25
2022-10-10;Pereira;Hogar;21;2040802,54;650789,53;13
2022-10-11;Barranquilla;Alimentos;24;2333762,26;1290452,32;9
2022-10-11;Bogotá;Ropa;27;1667339,94;1376629,61;37
2022-10-11;Cali;Deportes;24;1582738,47;899788;28
2022-10-11;Cali;Deportes;29;2222106,61;1442249,54;39
2022-10-11;Cali;Deportes;22;1690881,39;1214189,15;35
2022-10-11;Bucaramanga;Ropa;22;1310747,1;1318177,31;29
2022-10-12;Pereira;Deportes;20;1333160,65;965200,08;47
2022-10-14;Bucaramanga;Hogar;21;2071355,29;1189407,21;6
2022-10-14;Cartagena;Tecnología;25;1251389,51;1773757,02;21
2022-10-15;Manizales;Ropa;18;1958883,57;1635236,75;16
2022-10-15;Medellín;Tecnología;19;2099827,55;1052080,37;12
2022-10-16;Bogotá;Alimentos;19;2404045,69;1371290,23;49
2022-10-16;Pereira;Deportes;16;1313267,94;1367653,87;41
2022-10-17;Bucaramanga;Ropa;23;2571779,39;905725,16;9
2022-10-17;Medellín;Hogar;20;1623589,47;1643453,53;17
2022-10-19;Manizales;Deportes;20;1417147,14;1348612,28;21
2022-10-19;Pereira;Hogar;21;3012771,93;1622129,79;15
2022-10-20;Cartagena;Hogar;19;1967999,19;1246087,86;31
2022-10-23;Cartagena;Tecnología;15;2389836,56;1102380,34;15
2022-10-25;Cali;Hogar;27;2614984,34;915400,54;29
2022-10-26;Manizales;Tecnología;22;1937298,85;1006617,72;26
2022-10-28;Bucaramanga;Deportes;24;2027889,97;740402,04;42
2022-10-28;Manizales;Hogar;18;1971373,41;1300792,35;15
2022-10-30;Pereira;Hogar;28;2616969,13;1401016,76;6
2022-11-01;Bogotá;Ropa;23;1825446,51;1013795,23;40
2022-11-02;Cali;Alimentos;21;1726414,06;1086730,8;24
2022-11-06;Cartagena;Alimentos;27;1894105,87;758359,27;15
2022-11-09;Bogotá;Hogar;31;2851781,47;1718648,24;28
2022-11-11;Medellín;Tecnología;21;2281361,03;1069906,43;48
2022-11-11;Cali;Hogar;19;1956531,78;621987,51;20
2022-11-15;Pereira;Hogar;31;2507720,73;1503729,48;44
2022-11-16;Barranquilla;Tecnología;25;2480450,54;1620859,23;19
2022-11-17;Bucaramanga;Ropa;16;1184874,13;1115160,94;31
2022-11-17;Medellín;Ropa;25;2765366,18;1096121,87;12
2022-11-17;Bucaramanga;Tecnología;20;2285715,15;1871128,89;25
2022-11-18;Pereira;Deportes;19;1892196,42;1465442,36;7
2022-11-18;Cali;Hogar;20;2388036,98;1505020;27
2022-11-19;Cartagena;Tecnología;23;1928259,15;836428,95;46
2022-11-20;Cartagena;Tecnología;17;1991117,79;1149868,08;41
2022-11-20;Bogotá;Tecnología;15;1497494,96;755423,4;11
2022-11-20;Manizales;Tecnología;22;1879701,87;1607180,21;27
2022-11-20;Manizales;Alimentos;20;3076931,18;1334631,97;6
2022-11-24;Cali;Ropa;28;2140614,35;1439736,54;25
2022-11-25;Barranquilla;Ropa;21;2692622,66;1176845,55;49
2022-11-25;Pereira;Hogar;16;2444777,76;785347,43;25
2022-11-26;Barranquilla;Hogar;19;2243953,9;619939,65;15
2022-11-26;Cartagena;Ropa;16;1975832,25;1409901,81;39
2022-11-27;Barranquilla;Tecnología;23;2140942,36;1004296,86;11
2022-11-27;Cartagena;Tecnología;15;1875449,52;1322351,1;7
2022-11-28;Manizales;Alimentos;19;1843402,51;961095,13;42
2022-12-01;Cali;Deportes;14;1104783,42;1673543,43;31
2022-12-01;Cartagena;Tecnología;19;2286711,86;974457,6;33
2022-12-01;Bogotá;Deportes;10;2129342,25;1022613,48;32
2022-12-01;Bucaramanga;Ropa;19;2132366,55;823783,95;25
2022-12-02;Pereira;Hogar;12;1962157,86;885790,28;45
2022-12-04;Bucaramanga;Ropa;22;1526544,7;957879,11;11
2022-12-05;Bogotá;Alimentos;12;1567039,09;1406903,27;33
2022-12-08;Bucaramanga;Ropa;20;1843852,36;830754,39;22
2022-12-08;Cali;Deportes;16;1627520,44;1423095,73;37
2022-12-09;Bucaramanga;Deportes;25;2376936,19;1008750,82;35
2022-12-11;Barranquilla;Deportes;20;1025785,17;941387,89;16
2022-12-11;Cartagena;Alimentos;18;1844677,7;1699170,99;24
2022-12-13;Bucaramanga;Ropa;19;995671,12;1864440,55;21
2022-12-13;Barranquilla;Alimentos;29;2138786,34;1062834,98;13
2022-12-13;Cali;Ropa;19;1115397,26;1131846,78;15
2022-12-14;Manizales;Tecnología;28;2137001,13;1466538,52;7
2022-12-15;Cali;Ropa;25;2208213,36;1404967,01;46
2022-12-17;Medellín;Hogar;16;1204140,49;1125011,45;39
2022-12-17;Barranquilla;Tecnología;20;1673201,77;1421691,36;6
2022-12-19;Bogotá;Alimentos;13;3071197,39;872555,64;23
2022-12-20;Pereira;Tecnología;22;2564408,73;1635416,15;21
2022-12-21;Medellín;Ropa;19;2164300,46;1320528,2;17
2022-12-22;Barranquilla;Deportes;30;1819985,49;1264695,56;11
2022-12-24;Medellín;Deportes;14;2225648,82;1359073,56;36
2022-12-24;Barranquilla;Hogar;16;2194758,27;723902,95;20
2022-12-26;Pereira;Tecnología;22;1851342,97;1325583,29;5
2022-12-27;Manizales;Ropa;20;2699147,41;613903,53;7
2022-12-29;Manizales;Alimentos;17;2808166,81;1288199,19;34
2022-12-31;Bucaramanga;Tecnología;14;2473621,1;1301166,84;36
2023-01-01;Barranquilla;Ropa;16;2471720,78;1116299,64;7
2023-01-01;Bogotá;Deportes;24;1371589,5;1074679,5;10
2023-01-02;Medellín;Alimentos;15;1365117,58;872168,39;20
2023-01-02;Pereira;Hogar;23;1826642,03;1755831,89;13
2023-01-02;Barranquilla;Deportes;22;1861748,22;1381745,48;47
2023-01-02;Cali;Hogar;18;2158306,57;1368723,57;5
2023-01-06;Barranquilla;Deportes;19;719640,72;1063955,97;36
2023-01-07;Medellín;Deportes;13;2825443,08;1462806,48;23
2023-01-07;Manizales;Tecnología;20;2385198,67;1505355,41;27
2023-01-07;Bucaramanga;Hogar;21;2217891,39;1197142,41;19
2023-01-09;Cali;Hogar;22;3154346,65;1080817,53;15
2023-01-13;Cali;Deportes;19;1131388,36;1083638,79;35
2023-01-14;Manizales;Alimentos;20;1754049,31;1674425,14;31
2023-01-14;Manizales;Ropa;27;2553256,8;1372462,48;23
2023-01-17;Cali;Tecnología;16;2690961,18;1543719,16;38
2023-01-19;Manizales;Deportes;25;1861335,72;1333877,71;35
2023-01-21;Medellín;Ropa;22;2513566,43;1928101,69;22
2023-01-22;Cartagena;Hogar;21;2845669,14;1620114,33;35
2023-01-22;Barranquilla;Deportes;18;1935779,75;1336790,87;5
2023-01-23;Cali;Tecnología;25;1420954,73;2117576,83;40
2023-01-25;Bucaramanga;Deportes;21;2049827,12;1231589,95;25
2023-01-25;Manizales;Ropa;12;1631339,37;1268351,81;27
2023-01-25;Bogotá;Ropa;15;1838111,25;762450,85;36
2023-01-26;Pereira;Tecnología;21;1615015,58;1092393,71;31
2023-01-28;Cartagena;Ropa;20;1577720,43;1907110,54;27
2023-01-29;Medellín;Tecnología;25;1835858,61;1471450,59;10
2023-01-30;Bucaramanga;Alimentos;20;1850787,04;1324134,28;24
2023-02-01;Pereira;Ropa;22;801526,6;1195379,16;34
2023-02-01;Barranquilla;Deportes;21;2502489,52;1177104,23;29
2023-02-03;Barranquilla;Tecnología;16;2038964,22;1119718,54;37
2023-02-03;Barranquilla;Ropa;28;1856491,84;1067672,9;17
2023-02-03;Cali;Hogar;18;2094533,46;1174424,19;20
2023-02-03;Cali;Deportes;19;1342952,91;1420043,28;31
2023-02-04;Bogotá;Tecnología;21;2026290,7;922214,45;19
2023-02-04;Cali;Alimentos;14;2567744,38;1679088,54;14
2023-02-04;Cartagena;Tecnología;23;3042047,05;2006294,99;10
2023-02-06;Barranquilla;Ropa;24;2020908,31;1391869,12;5
2023-02-08;Pereira;Alimentos;26;1832392,7;1145574,01;42
2023-02-08;Pereira;Hogar;22;2069744,34;1436749,7;31
2023-02-14;Barranquilla;Ropa;16;2054649,32;1370422,5;18
2023-02-14;Cartagena;Ropa;18;2191441,11;1544711,77;5
2023-02-18;Bucaramanga;Alimentos;21;2003428,01;856789,35;12
2023-02-18;Barranquilla;Ropa;21;1411637,74;957278,27;48
2023-02-19;Bogotá;Tecnología;22;1925102,23;1182344,55;15
2023-02-20;Cartagena;Ropa;22;2454511,64;1416163,6;27
2023-02-20;Medellín;Deportes;30;1837039,52;1086995,32;32
2023-02-23;Cartagena;Ropa;18;2732363,21;1526194,11;16
2023-02-23;Bucaramanga;Tecnología;17;2030841,39;899539,42;25
2023-02-24;Pereira;Ropa;19;2748891,19;1247281,89;43
2023-02-26;Bucaramanga;Tecnología;20;2671617,22;1122518,02;36
2023-02-27;Pereira;Deportes;18;2074665,9;1144863,51;47
2023-02-28;Bucaramanga;Deportes;20;3341601,75;1373180,65;20
2023-03-01;Cali;Hogar;14;1772928,21;1200870,96;23
2023-03-01;Barranquilla;Alimentos;19;1549145,9;1473438,45;29
2023-03-02;Bucaramanga;Tecnología;20;2205160,06;617851,58;13
2023-03-03;Medellín;Hogar;15;2003799,89;1492421,17;34
2023-03-04;Cali;Deportes;20;1963653,63;1507705,92;10
2023-03-04;Bucaramanga;Hogar;15;2188126,73;747906,97;10
2023-03-05;Cartagena;Hogar;20;2589761,98;1190236,84;49
2023-03-07;Bogotá;Hogar;18;2242764,6;1115078,68;26
2023-03-08;Manizales;Deportes;20;1428631,28;1744392,9;40
2023-03-08;Medellín;Tecnología;20;1866088,55;1561552,18;24
2023-03-09;Medellín;Tecnología;24;1710692,46;1233442,08;30
2023-03-09;Manizales;Alimentos;17;1452081,79;1587876,67;49
2023-03-10;Barranquilla;Alimentos;17;2297115,69;1332956,82;38
2023-03-12;Barranquilla;Deportes;18;1145769,29;1310165,8;27
2023-03-12;Barranquilla;Tecnología;14;2342193,28;1163421,63;24
2023-03-12;Bogotá;Tecnología;12;1588338,18;898373,64;29
2023-03-13;Manizales;Alimentos;23;1927531,33;1127515,75;24
2023-03-14;Bogotá;Alimentos;17;3015289,76;948357,28;12
2023-03-14;Medellín;Tecnología;22;2458472,15;1057523,29;32
2023-03-15;Bucaramanga;Deportes;22;1634404,45;1789999,83;49
2023-03-15;Cartagena;Ropa;14;988334,7;1717106,07;46
2023-03-15;Pereira;Ropa;18;1286135,85;966329,13;23
2023-03-17;Bogotá;Hogar;18;1611608,78;1181817,79;35
2023-03-18;Cali;Tecnología;15;2303402,64;1571283,75;43
2023-03-20;Cali;Tecnología;17;1996800,06;796805;31
2023-03-20;Pereira;Tecnología;21;1674803,49;1208021,72;5
2023-03-22;Bucaramanga;Hogar;12;2522150,8;983311,29;28
2023-03-22;Barranquilla;Alimentos;14;2256560,63;709232,46;28
2023-03-23;Medellín;Hogar;20;2002841,69;886461,4;49
2023-03-25;Barranquilla;Deportes;23;2365958,06;1279873,04;45
2023-03-25;Medellín;Alimentos;21;1379182,78;1383700,5;39
2023-03-26;Cali;Tecnología;31;1394125,14;1932328,88;10
2023-03-27;Bucaramanga;Alimentos;18;2589866,89;899565,67;44
2023-03-27;Pereira;Alimentos;15;2837768,58;933928,54;24
2023-03-28;Cali;Tecnología;16;1655869,86;1315975,47;11
2023-04-03;Bucaramanga;Deportes;21;2483918,05;785136,95;16
2023-04-03;Bucaramanga;Alimentos;22;2533379,32;1255158,7;15
2023-04-03;Cartagena;Alimentos;15;2531596,34;775864,22;48
2023-04-03;Bogotá;Alimentos;21;1912628,41;1260431,15;29
2023-04-04;Pereira;Tecnología;16;1278923,8;1345292,17;48
2023-04-04;Barranquilla;Alimentos;16;1821979,86;998760,75;20
2023-04-05;Medellín;Ropa;18;1817395,62;1225350,56;19
2023-04-05;Barranquilla;Hogar;14;2216811,74;1033056,54;18
2023-04-06;Pereira;Deportes;21;2233670,53;1414649,67;16
2023-04-09;Pereira;Ropa;21;1199170,19;949136,79;45
2023-04-10;Bucaramanga;Alimentos;20;1322931,02;1348418,12;26
2023-04-10;Barranquilla;Tecnología;24;1678356,83;1239150,79;20
2023-04-10;Manizales;Ropa;14;1752904,86;987886,9;18
2023-04-11;Bogotá;Deportes;22;1477852,95;1281395,46;7
2023-04-11;Cali;Alimentos;16;1808483,9;1270491,86;22
2023-04-13;Pereira;Alimentos;21;1356795,75;1496627,94;39
2023-04-13;Medellín;Alimentos;28;1727490,78;1131141,09;45
2023-04-13;Bucaramanga;Deportes;19;1882196,38;869567,35;17
2023-04-14;Pereira;Ropa;8;1584470,51;1148756,47;35
2023-04-14;Medellín;Ropa;26;1342346,77;1566602,61;48
2023-04-15;Cartagena;Tecnología;19;2405892,6;1087496,09;35
2023-04-15;Barranquilla;Ropa;24;1491318,36;1595182,87;17
2023-04-18;Pereira;Hogar;22;1381608,95;1393822,04;13
2023-04-18;Medellín;Hogar;18;2045973;982654,75;25
2023-04-19;Bogotá;Tecnología;22;1087127,35;1415116,85;32
2023-04-21;Pereira;Hogar;19;2648922,73;1439501,95;16
2023-04-22;Manizales;Alimentos;22;1930982,67;1285143;16
2023-04-23;Manizales;Ropa;22;850931,41;1291274,18;21
2023-04-29;Medellín;Tecnología;29;2104786,86;1188783,51;30
2023-04-29;Pereira;Hogar;18;1910507,56;700521,92;35
2023-05-01;Cartagena;Deportes;19;2701951,75;1490122,52;49
2023-05-01;Cartagena;Deportes;23;2320226,67;1402953,95;18
2023-05-01;Bogotá;Hogar;19;1205369,54;1014430,52;25
2023-05-02;Bogotá;Deportes;23;2426825,02;1154098,33;39
2023-05-02;Pereira;Hogar;18;2115972,42;1497098,88;38
2023-05-04;Cartagena;Ropa;19;2326704,41;1077454,89;36
2023-05-06;Manizales;Alimentos;15;1082897,89;1138013,65;27
2023-05-07;Cartagena;Hogar;18;2829547,45;1285830,21;42
2023-05-08;Cali;Alimentos;24;2031625,84;841084,27;26
2023-05-08;Cartagena;Alimentos;21;2145673,63;1121561,63;33
2023-05-08;Pereira;Tecnología;19;2609438,15;1126576,52;7
2023-05-08;Medellín;Tecnología;21;2268645,57;1092287,3;23
2023-05-09;Cartagena;Ropa;18;1595513,94;1278301,64;48
2023-05-10;Bucaramanga;Hogar;25;1387166,66;1464891,03;41
2023-05-10;Cali;Ropa;24;1476213,64;1107170,35;20
2023-05-11;Medellín;Alimentos;23;2499163,68;1011395,88;39
2023-05-11;Cali;Hogar;10;2519501,56;1074525,77;33
2023-05-12;Barranquilla;Tecnología;18;2170551,95;1213254,81;46
2023-05-16;Bucaramanga;Deportes;30;1550997,47;976459,4;36
2023-05-17;Bucaramanga;Tecnología;22;2465451,81;921618,86;13
2023-05-17;Bucaramanga;Deportes;20;1737189,39;1217382,47;47
2023-05-17;Barranquilla;Deportes;21;1959894,12;1323375,72;19
2023-05-18;Pereira;Alimentos;25;2402227,64;1591331,45;22
2023-05-20;Cartagena;Tecnología;17;2228891,72;757211,16;29
2023-05-21;Cali;Hogar;21;1581050,75;1366946,15;7
2023-05-21;Cartagena;Ropa;16;2292418,38;1408737,2;35
2023-05-22;Medellín;Alimentos;20;2264396,01;1181916,25;28
2023-05-25;Medellín;Alimentos;18;2455764,94;665264,63;39
2023-05-27;Manizales;Tecnología;18;2409127,83;919831,6;29
2023-05-29;Pereira;Alimentos;31;2502391,75;1149427,75;9
2023-05-30;Manizales;Ropa;21;1605236,91;600445,07;44
2023-05-31;Manizales;Alimentos;23;1349428,71;1048821;11
2023-06-01;Cali;Hogar;26;2508638,17;1084006,71;20
2023-06-01;Medellín;Alimentos;16;2245723,35;670197,03;41
2023-06-01;Manizales;Deportes;13;1678707,73;983853,61;44
2023-06-02;Bogotá;Ropa;21;1762406,92;1308112,79;41
2023-06-02;Medellín;Tecnología;26;1509487,49;1143491,36;14
2023-06-02;Medellín;Deportes;23;1261644,74;1483488,28;45
2023-06-03;Barranquilla;Hogar;19;1671037,7;695375,31;47
2023-06-05;Cartagena;Alimentos;24;2435157,78;1227308,89;8
2023-06-05;Pereira;Tecnología;20;1943898,77;1373911,19;9
2023-06-05;Cartagena;Ropa;15;2181343,4;1282001,57;22
2023-06-06;Manizales;Tecnología;25;1434824,21;1548538,45;22
2023-06-07;Pereira;Hogar;18;1725669,77;803455,22;37
2023-06-07;Cartagena;Ropa;13;2634336,12;1195862,2;18
2023-06-08;Cartagena;Tecnología;23;1916776,75;1671846,79;33
2023-06-09;Cartagena;Hogar;19;1581604,86;1084027,9;6
2023-06-09;Barranquilla;Alimentos;23;1939489,35;1259765,1;18
2023-06-11;Manizales;Alimentos;25;2310278,18;1062920,24;29
2023-06-12;Medellín;Ropa;13;2309758,57;1325737,75;11
2023-06-13;Medellín;Alimentos;21;3065689,54;1230058,53;35
2023-06-13;Pereira;Deportes;20;2462924,38;1047011,11;47
2023-06-14;Medellín;Hogar;24;2260130,27;1124335,7;10
2023-06-14;Pereira;Alimentos;24;1581266,93;695735,79;41
2023-06-14;Manizales;Deportes;20;1746194,35;1365438,68;9
2023-06-15;Manizales;Deportes;25;3046838,44;1591420,69;45
2023-06-16;Pereira;Hogar;15;1217648,19;1172246,11;10
2023-06-18;Bucaramanga;Tecnología;25;1841895,43;1256928,4;45
2023-06-20;Cali;Alimentos;11;2135740,78;654112,23;15
2023-06-22;Pereira;Alimentos;28;1744545,46;1548968,75;48
2023-06-24;Medellín;Hogar;17;2472747,17;1022805,5;44
2023-06-27;Cali;Hogar;21;1831805,87;1257795,55;36
2023-06-28;Barranquilla;Alimentos;14;1060788,86;1313525,03;23
2023-06-29;Medellín;Hogar;17;1349484,79;520038,82;34
2023-06-29;Barranquilla;Deportes;24;2723575,24;1344574,05;40
2023-07-02;Pereira;Deportes;11;2188895,7;946446,44;16
2023-07-03;Medellín;Tecnología;18;2844963,8;1166613,25;27
2023-07-03;Pereira;Alimentos;22;1001298,15;1123508,26;31
2023-07-04;Cartagena;Alimentos;14;2330622,59;1182584,43;31
2023-07-04;Manizales;Deportes;18;3275325,6;704524,35;21
2023-07-05;Cartagena;Alimentos;20;2071380,78;1320525,19;24
2023-07-06;Cartagena;Hogar;27;1728611,42;1678977,23;6
2023-07-06;Cartagena;Ropa;20;2233743,81;364380,99;16
2023-07-06;Bogotá;Ropa;18;2208650,34;1901866,4;26
2023-07-07;Medellín;Tecnología;18;2830748,37;1098883,29;29
2023-07-08;Pereira;Alimentos;25;2283138,34;1154784,42;16
2023-07-08;Bucaramanga;Tecnología;17;2434020,3;819516;24
2023-07-10;Barranquilla;Alimentos;23;2028658,62;237027,14;26
2023-07-11;Medellín;Hogar;25;2488153,3;1550016,72;8
2023-07-14;Cali;Alimentos;27;3426866,84;1022077,62;35
2023-07-14;Manizales;Tecnología;23;2282965,78;952115,3;25
2023-07-17;Bucaramanga;Tecnología;12;1892126,8;1814211,51;5
2023-07-19;Cartagena;Tecnología;27;2099540,4;1129138,07;43
2023-07-19;Manizales;Tecnología;22;2274451,42;1173353,59;18
2023-07-19;Medellín;Hogar;16;2420307,21;1271874,95;43
2023-07-19;Bogotá;Ropa;18;2381674,94;1074709,83;19
2023-07-21;Medellín;Deportes;23;2749259,7;1565196,39;7
2023-07-24;Barranquilla;Alimentos;24;2527429,97;1289046,4;39
2023-07-24;Cartagena;Deportes;21;1260294,88;741663,89;45
2023-07-25;Barranquilla;Ropa;15;1848866,07;1275999,4;11
2023-07-25;Pereira;Ropa;13;1293644,3;886015,52;26
2023-07-26;Bogotá;Deportes;14;2327972,35;1317099,35;11
2023-07-26;Medellín;Deportes;25;1853909,39;1441525;38
2023-07-26;Bogotá;Tecnología;24;2086820,74;1321129,97;42
2023-07-27;Barranquilla;Tecnología;14;1761227,16;1276103,67;16
2023-07-27;Bucaramanga;Tecnología;25;2155542,47;1261229,02;25
2023-07-28;Manizales;Tecnología;17;2513603,8;1905052,76;41
2023-07-30;Bucaramanga;Tecnología;19;2149444;1319360,6;39
2023-07-30;Barranquilla;Ropa;14;2490941,27;1016686,5;31
2023-07-30;Manizales;Alimentos;26;1511054,01;959509,3;15
2023-07-30;Medellín;Hogar;25;1940043,6;1019509,25;11
2023-07-31;Barranquilla;Ropa;21;1776256,55;1373600,53;8
2023-08-01;Barranquilla;Ropa;21;1708559,4;639608,49;29
2023-08-01;Cartagena;Deportes;17;1699253,88;1338656,04;26
2023-08-02;Medellín;Alimentos;17;1211283,29;743543,08;7
2023-08-03;Medellín;Tecnología;17;2195635,17;1654038,29;47
2023-08-04;Medellín;Tecnología;18;2798667,83;1632993,15;19
2023-08-06;Manizales;Tecnología;23;2553844,15;1154403,19;9
2023-08-07;Cali;Hogar;14;1357881,2;1153868,53;6
2023-08-08;Barranquilla;Ropa;14;2651068,24;1287192,07;35
2023-08-09;Pereira;Deportes;30;2173177,32;657300,63;31
2023-08-09;Cartagena;Hogar;18;2301905,17;1289173,53;34
2023-08-09;Bogotá;Ropa;21;2372454,9;692560,03;28
2023-08-09;Pereira;Alimentos;20;1677050,85;1216962,29;25
2023-08-12;Cali;Hogar;19;2092445,74;436909,06;40
2023-08-12;Bogotá;Hogar;17;2227141,51;797200;33
2023-08-12;Manizales;Alimentos;19;2788871,99;1015361,02;30
2023-08-14;Manizales;Hogar;11;1650887,4;1303180,54;11
2023-08-15;Bucaramanga;Hogar;13;3398760,14;1464405,96;13
2023-08-16;Pereira;Alimentos;23;1403991,31;854068,81;45
2023-08-16;Medellín;Ropa;21;3559164,31;1463098,44;37
2023-08-17;Manizales;Ropa;28;2249420,02;1152989,43;10
2023-08-19;Pereira;Alimentos;25;2602970,04;1296274,77;24
2023-08-22;Manizales;Tecnología;20;2086292,99;1785286,25;44
2023-08-22;Medellín;Hogar;21;2240926,5;1193560,03;23
2023-08-24;Cali;Ropa;13;1772344,52;478910,11;28
2023-08-24;Pereira;Deportes;25;2039655,77;898560,7;7
2023-08-25;Bucaramanga;Deportes;22;1453099,12;1243827,25;24
2023-08-26;Medellín;Deportes;22;2572820,55;1243152,67;32
2023-08-27;Bucaramanga;Deportes;19;1001180,45;1844279,22;15
2023-08-27;Manizales;Ropa;19;1831518,44;839082,29;24
2023-08-27;Bucaramanga;Tecnología;25;1823453,64;1932034,01;24
2023-08-28;Bucaramanga;Hogar;15;2748772,63;1316945,02;28
2023-08-29;Cartagena;Ropa;17;2131433,91;1335083,79;10
2023-08-29;Cartagena;Alimentos;27;1929575,83;1130878,51;28
2023-08-31;Bogotá;Deportes;20;1936530,2;1447340,95;17
2023-09-01;Cartagena;Deportes;23;1775015,94;792830,43;5
2023-09-02;Manizales;Tecnología;19;1820631,36;983235,2;14
2023-09-04;Medellín;Hogar;24;2010842,94;1083097,58;8
2023-09-06;Bogotá;Hogar;17;2771512,65;832297,36;40
2023-09-07;Cartagena;Deportes;15;1924125,76;767341,51;45
2023-09-07;Bogotá;Ropa;19;2653574,98;1278767,54;29
2023-09-07;Manizales;Alimentos;20;1868829,92;749269,61;39
2023-09-10;Cali;Hogar;17;1358111,84;1240847,65;27
2023-09-10;Cali;Alimentos;24;1820646,76;436001,07;12
2023-09-10;Barranquilla;Alimentos;21;1892458,7;1919954,15;44
2023-09-12;Manizales;Ropa;27;2057568,81;1503205,07;14
2023-09-13;Cartagena;Ropa;20;2043824,5;1582915,07;6
2023-09-14;Cartagena;Tecnología;17;2509617,04;640061,77;6
2023-09-14;Cali;Ropa;20;2630081,66;1248786,09;9
2023-09-15;Medellín;Hogar;24;1984349,51;914894,23;49
2023-09-16;Barranquilla;Deportes;16;2321288,61;1183234,3;22
2023-09-16;Bogotá;Tecnología;19;2206722,29;828678,88;47
2023-09-17;Barranquilla;Deportes;20;3090220,32;906608,2;24
2023-09-17;Bucaramanga;Tecnología;29;1377918,33;878166,79;48
2023-09-19;Manizales;Ropa;25;2527095,8;963157,11;24
2023-09-19;Barranquilla;Alimentos;19;2408249,41;1234096,12;13
2023-09-19;Manizales;Deportes;16;1807827,91;1334236,03;48
2023-09-19;Bucaramanga;Deportes;26;1155384,31;947072,72;40
2023-09-20;Bogotá;Tecnología;17;1830701,79;1277171,74;36
2023-09-20;Cartagena;Ropa;16;1945110,43;1020450,68;20
2023-09-21;Pereira;Hogar;13;1821767,68;1001898,97;31
2023-09-21;Pereira;Tecnología;27;1828676,91;1391123,36;34
2023-09-21;Cartagena;Ropa;29;1408972,34;1552612,13;14
2023-09-21;Bucaramanga;Tecnología;23;1760045,02;1066066,42;24
2023-09-22;Bogotá;Deportes;21;1702700,83;1406227;29
2023-09-24;Cali;Hogar;24;1787586,58;1032721,79;7
2023-09-24;Medellín;Tecnología;17;1879930,11;1461201,4;28
2023-09-24;Medellín;Tecnología;21;1818779,38;1219551,34;32
2023-09-25;Cartagena;Deportes;20;1086266,5;1146090,46;6
2023-09-26;Cartagena;Ropa;20;1982685,51;920381,83;14
2023-09-26;Bogotá;Deportes;12;2503985,48;1362767,47;41
2023-09-27;Pereira;Alimentos;29;2588361,94;1380397,37;21
2023-09-27;Bucaramanga;Tecnología;12;2125059,56;996728,36;9
2023-09-28;Medellín;Deportes;27;2784087,1;1141034,85;42
2023-09-29;Cartagena;Tecnología;16;1944066,51;1521296,41;46
2023-10-01;Barranquilla;Hogar;16;1334548,98;1521299,83;35
2023-10-01;Medellín;Alimentos;15;1370788,08;909570,37;29
2023-10-03;Cartagena;Hogar;18;2285014,52;1329677,91;26
2023-10-03;Cali;Hogar;23;2723668,45;1080542,9;36
2023-10-06;Pereira;Deportes;22;2084136,16;1355201,23;31
2023-10-09;Barranquilla;Alimentos;14;2663934,22;1410443,4;14
2023-10-10;Manizales;Hogar;12;2317710,88;824865,57;19
2023-10-10;Cali;Tecnología;19;2295322,89;1242443,79;39
2023-10-11;Medellín;Tecnología;15;2111553,89;921980,93;48
2023-10-12;Bogotá;Alimentos;20;2006983,71;1013907,08;16
2023-10-12;Bucaramanga;Hogar;22;1656750,17;1226292,57;9
2023-10-13;Manizales;Alimentos;30;1875529,94;1076668,49;9
2023-10-13;Medellín;Tecnología;16;1668879,22;956459,4;10
2023-10-14;Cartagena;Tecnología;23;1331485,05;1624513,83;36
2023-10-15;Manizales;Deportes;23;1811757,19;1203071,84;46
2023-10-16;Bucaramanga;Hogar;17;1873163,67;1435043,92;27
2023-10-17;Barranquilla;Deportes;23;3071065,36;1302728,45;15
2023-10-17;Bucaramanga;Deportes;23;1664557,77;1523536,59;9
2023-10-17;Pereira;Alimentos;18;1425337,64;880390,26;37
2023-10-18;Bucaramanga;Hogar;25;873559,44;1210432,72;24
2023-10-18;Bucaramanga;Hogar;27;1765028,74;918707,26;28
2023-10-19;Pereira;Tecnología;19;2292244,72;803049,87;19
2023-10-20;Bucaramanga;Tecnología;27;2369344,33;1714996,96;10
2023-10-20;Cali;Tecnología;19;2128260,64;1233575,62;37
2023-10-21;Barranquilla;Hogar;15;1483889,6;1635175,07;37
2023-10-21;Cartagena;Alimentos;14;2239815,94;1640651,28;40
2023-10-22;Bogotá;Tecnología;18;2148901,76;1016631,58;48
2023-10-24;Manizales;Ropa;21;2088520,3;1177065,83;13
2023-10-28;Manizales;Tecnología;29;1493222,1;1004420,46;32
2023-10-28;Bogotá;Tecnología;16;1458351,08;1542042,66;44
2023-10-29;Medellín;Tecnología;17;2513811,39;1449249,93;7
2023-10-29;Bucaramanga;Ropa;20;2250113,08;1469322,62;41
2023-10-30;Manizales;Alimentos;19;2133725,52;1301711,73;49
2023-10-31;Bogotá;Deportes;10;1665940,38;1563163,12;6
2023-11-02;Bucaramanga;Alimentos;21;1710014,51;1687992,04;38
2023-11-03;Barranquilla;Ropa;21;2533757,58;594956,65;12
2023-11-03;Cali;Hogar;20;2268480,52;1446936,86;23
2023-11-05;Medellín;Ropa;16;2439330,92;1022338,06;35
2023-11-05;Manizales;Ropa;22;2303859,71;1183014,15;39
2023-11-07;Cali;Alimentos;20;1415460,66;565879,23;34
2023-11-10;Barranquilla;Hogar;19;2217288,2;1478198,21;41
2023-11-11;Manizales;Hogar;27;980144,9;905916,81;44
2023-11-12;Barranquilla;Alimentos;17;2194056,94;1382696,09;42
2023-11-14;Barranquilla;Deportes;16;2138578,54;989796,66;40
2023-11-15;Medellín;Ropa;14;1101303,01;1418052,39;5
2023-11-15;Manizales;Tecnología;19;2391047,55;1186958,11;29
2023-11-17;Medellín;Hogar;18;1494591,21;2047552,35;27
2023-11-17;Manizales;Ropa;28;2550077,75;1373354,99;6
2023-11-18;Cali;Hogar;26;1410398,64;875415,51;18
2023-11-19;Bogotá;Deportes;19;1730671,17;1440182,05;37
2023-11-19;Bogotá;Deportes;25;1508474,46;1091938,08;36
2023-11-20;Bogotá;Deportes;22;2222214,44;598249,87;28
2023-11-20;Bucaramanga;Hogar;14;1942366,58;915110,05;42
2023-11-21;Cali;Deportes;7;2658283,65;1606157,53;42
2023-11-21;Bucaramanga;Alimentos;24;1920811,86;1085137,37;30
2023-11-21;Manizales;Tecnología;17;2272970,68;571490,61;19
2023-11-21;Bogotá;Alimentos;22;1387499,81;1570791,51;21
2023-11-25;Barranquilla;Ropa;16;2250625,9;1774502,63;43
2023-11-25;Barranquilla;Hogar;22;2397982,27;1697131,36;18
2023-11-27;Medellín;Ropa;18;2018470,99;971030,71;34
2023-11-30;Barranquilla;Hogar;28;1543950,68;1043373,6;46
2023-11-30;Barranquilla;Alimentos;21;2395766,64;924620,32;31
2023-12-03;Bucaramanga;Deportes;21;776593,11;1035249,82;9
2023-12-03;Cali;Ropa;12;2037220,65;1190881,47;6
2023-12-04;Cali;Hogar;22;1771616,69;1056571,83;9
2023-12-06;Barranquilla;Ropa;21;2457069,69;1640066,44;39
2023-12-07;Medellín;Hogar;16;2956497,83;989899,1;29
2023-12-08;Barranquilla;Hogar;23;718680,13;1395662,19;43
2023-12-09;Medellín;Deportes;19;1095919,81;895464,34;49
2023-12-09;Cali;Deportes;18;2740174,87;1389922,33;40
2023-12-10;Cali;Alimentos;20;2142214,4;1033711,93;25
2023-12-10;Cali;Deportes;20;2198078,73;1289743,13;29
2023-12-11;Manizales;Alimentos;27;2369370,62;1777415,37;12
2023-12-12;Pereira;Ropa;19;2621026,11;1113551,91;39
2023-12-14;Medellín;Ropa;19;1718272,93;1261053,23;36
2023-12-16;Barranquilla;Alimentos;22;2093881,45;1367776,21;43
2023-12-17;Barranquilla;Tecnología;17;1679476,61;1504759,03;35
2023-12-18;Manizales;Deportes;21;2981946,36;803822,92;25
2023-12-18;Cali;Tecnología;14;2777839,7;847101,83;31
2023-12-18;Manizales;Hogar;28;1888166,37;1315466,92;24
2023-12-19;Cali;Ropa;13;1037452,98;1295284,03;10
2023-12-20;Cartagena;Deportes;20;1684603,21;1403792,23;18
2023-12-22;Bucaramanga;Deportes;22;2564969,14;1226897,06;17
2023-12-22;Pereira;Alimentos;17;2590968,61;1197684,67;30
2023-12-22;Cali;Hogar;15;2485358,83;1248621,69;13
2023-12-22;Cartagena;Tecnología;19;1889801,8;1068039,59;21
2023-12-23;Pereira;Tecnología;21;1748278,78;1242353,83;12
2023-12-23;Bogotá;Hogar;31;1063983,74;1188840,97;21
2023-12-26;Pereira;Deportes;15;2428857,61;1373723,98;47
2023-12-27;Barranquilla;Alimentos;20;3023368,29;1488210,92;29
2023-12-28;Cartagena;Hogar;26;1458078,49;1249382,89;24
2023-12-28;Cartagena;Hogar;23;1727764;1588335,83;9
2023-12-29;Bogotá;Ropa;24;1834882,76;706142,8;18
2023-12-29;Pereira;Hogar;21;2379840,9;1246580,06;27
2023-12-30;Bogotá;Ropa;19;1576995,71;854792,42;11
2024-01-01;Cali;Hogar;16;1680763,77;1625665,73;28
2024-01-01;Manizales;Tecnología;12;1359727,36;1207797,46;22
2024-01-02;Cartagena;Alimentos;21;1826969,48;1208204,73;25
2024-01-05;Barranquilla;Alimentos;25;1758435,35;1491125,01;37
2024-01-05;Manizales;Deportes;21;1203377,2;1487299,52;46
2024-01-07;Bogotá;Alimentos;19;2119907,99;1105221,8;29
2024-01-08;Cali;Ropa;16;1277565,06;1262354,44;14
2024-01-10;Cartagena;Tecnología;23;1875227,16;968178,13;30
2024-01-11;Bogotá;Ropa;27;2502199,96;1067105,84;21
2024-01-11;Cartagena;Tecnología;16;1551327,63;1322108,07;6
2024-01-11;Cali;Hogar;15;1372602,45;1641048,05;24
2024-01-13;Pereira;Deportes;10;1630067,35;1345480,24;10
2024-01-14;Bogotá;Alimentos;15;1657159,43;938538,47;45
2024-01-14;Barranquilla;Alimentos;22;1691997,74;1335794,01;40
2024-01-15;Bogotá;Tecnología;27;2517322,52;1273475,44;22
2024-01-16;Bogotá;Ropa;24;1495823,02;1829743,57;9
2024-01-16;Cali;Tecnología;19;1854725,49;1160424,54;41
2024-01-17;Manizales;Deportes;30;2467766,17;1100798,14;43
2024-01-17;Cartagena;Hogar;12;2122574,19;1465573,05;20
2024-01-17;Bogotá;Tecnología;25;1091360,78;927468,8;17
2024-01-18;Barranquilla;Hogar;16;1861071,7;1369617,62;29
2024-01-21;Barranquilla;Alimentos;12;2450895,8;760519,88;25
2024-01-21;Bogotá;Ropa;14;1913996,08;1230788,81;10
2024-01-22;Cali;Ropa;20;2178059,02;1352348,46;22
2024-01-24;Cartagena;Ropa;25;2289724,49;922378,26;44
2024-01-26;Bucaramanga;Alimentos;20;1852037,26;1568814,99;41
2024-01-27;Medellín;Ropa;26;2042846,85;1224168,63;6
2024-01-27;Medellín;Tecnología;21;998829,62;1106605,03;19
2024-01-28;Barranquilla;Alimentos;16;1877239,73;1473698,68;10
2024-01-29;Bogotá;Hogar;18;1653410,41;1431199,76;23
2024-01-31;Medellín;Alimentos;23;1756158,33;1301386,88;44
2024-02-01;Cali;Alimentos;14;1766536,55;1721171,77;30
2024-02-01;Cartagena;Tecnología;9;2157453,21;938300,98;5
2024-02-01;Cartagena;Alimentos;18;1273221,83;1478969,8;47
2024-02-02;Cali;Alimentos;26;1976465,89;847031,28;7
2024-02-03;Cartagena;Hogar;21;1515997,87;1098457,58;49
2024-02-03;Medellín;Alimentos;23;2609755,92;1302858,92;35
2024-02-06;Bucaramanga;Deportes;13;3117955,83;1334738,92;39
2024-02-06;Barranquilla;Hogar;22;1882364,84;1412598,07;49
2024-02-07;Cali;Alimentos;21;3067340,08;1978335,82;24
2024-02-07;Cali;Deportes;24;1419346,33;909974,14;16
2024-02-11;Bucaramanga;Hogar;19;2515288,75;1261248,24;44
2024-02-12;Bogotá;Alimentos;26;2598741,38;840568,23;22
2024-02-15;Medellín;Tecnología;14;1667771,26;1067138,41;6
2024-02-16;Manizales;Deportes;22;1735732,97;659410,25;30
2024-02-16;Cartagena;Tecnología;25;2441182,52;1316085,88;28
2024-02-17;Barranquilla;Hogar;16;1716320,88;1077604,09;9
2024-02-19;Manizales;Deportes;22;2234716,67;1162392,2;25
2024-02-22;Pereira;Tecnología;16;1855239,81;1089482,48;34
2024-02-22;Cali;Hogar;15;2230406,28;1363408,59;38
2024-02-23;Medellín;Deportes;19;2016886,26;1604040,33;33
2024-02-23;Bucaramanga;Alimentos;25;2866331,24;1569059,33;11
2024-02-24;Cali;Hogar;15;2319028,52;1242207,23;43
2024-02-25;Bucaramanga;Tecnología;24;2636926,69;1154534,83;10
2024-02-28;Manizales;Ropa;15;1512929,34;1169550,92;35
2024-02-29;Manizales;Ropa;21;2927345,34;1181220,62;28
2024-03-01;Bucaramanga;Ropa;15;1500293,63;825702,12;34
2024-03-04;Manizales;Ropa;17;2175188,23;1336877,13;32
2024-03-04;Cali;Hogar;20;2393021,92;1342090,16;47
2024-03-04;Medellín;Hogar;20;1221931,48;1151901,91;28
2024-03-06;Pereira;Tecnología;25;2491660,24;661745,88;14
2024-03-07;Manizales;Alimentos;24;3430823,08;1479963,21;16
2024-03-07;Manizales;Alimentos;25;1929908,36;1025819,42;27
2024-03-10;Bucaramanga;Alimentos;22;2081201,28;696746,47;25
2024-03-11;Manizales;Deportes;23;1435279,47;1062757,32;44
2024-03-13;Cali;Alimentos;20;1506464,12;1064427,77;14
2024-03-13;Bucaramanga;Alimentos;15;1824487,95;1000942,77;28
2024-03-13;Bucaramanga;Deportes;21;2259669,77;903073,28;34
2024-03-16;Barranquilla;Ropa;21;1302671,82;810714,32;45
2024-03-16;Manizales;Hogar;14;2170085,2;966114,12;39
2024-03-17;Bogotá;Ropa;22;2050362,58;1626086,41;46
2024-03-18;Barranquilla;Deportes;20;2758188,8;1112657,46;36
2024-03-18;Bogotá;Tecnología;25;1580928,99;1057877,84;28
2024-03-19;Cartagena;Ropa;25;2220696,99;1339624,68;6
2024-03-21;Medellín;Alimentos;20;2484941,51;1325976,09;8
2024-03-24;Manizales;Ropa;18;2921751,78;1418945,29;38
2024-03-26;Bogotá;Ropa;24;2783016,07;1578033,44;11
2024-03-26;Bogotá;Hogar;23;2192238,5;572965,85;10
2024-03-26;Cali;Ropa;22;1547083,3;1109664,82;14
2024-03-28;Bucaramanga;Deportes;22;1059336,89;1377626,29;49
2024-03-29;Bucaramanga;Tecnología;14;2287287,48;1099139,5;36
2024-03-29;Barranquilla;Hogar;17;2045388,46;1321640,6;34
2024-03-30;Manizales;Deportes;22;2015330,62;1187544,9;39
2024-03-31;Manizales;Ropa;20;2311423,34;1413795,9;28
2024-03-31;Bucaramanga;Alimentos;21;2538948,48;1095382;38
2024-04-03;Bogotá;Alimentos;23;2364903,76;765586,92;6
2024-04-06;Cartagena;Alimentos;16;2186795,06;1615083,82;21
2024-04-08;Cali;Ropa;11;1828364,1;1344452,97;8
2024-04-08;Bucaramanga;Deportes;25;2471462,09;1152647,49;39
2024-04-12;Bucaramanga;Deportes;21;2102236,45;877873,74;21
2024-04-13;Bogotá;Deportes;19;1421894,34;1295114,52;7
2024-04-13;Pereira;Ropa;20;2611726,24;903160,65;9
2024-04-13;Cali;Tecnología;13;2214533,61;1089706,34;45
2024-04-14;Pereira;Deportes;25;2405083,62;838981,88;15
2024-04-14;Medellín;Deportes;20;2569152,89;1684548,46;24
2024-04-15;Bucaramanga;Tecnología;23;942271,28;906303,01;35
2024-04-15;Manizales;Alimentos;12;2382781,2;876512,06;17
2024-04-16;Bogotá;Hogar;13;2532053,11;1011240,22;5
2024-04-21;Bogotá;Tecnología;14;1624804,64;1145909,43;49
2024-04-22;Cartagena;Tecnología;24;1263166,31;941366,69;20
2024-04-22;Medellín;Hogar;16;1678119,1;1214705,12;18
2024-04-23;Bucaramanga;Tecnología;23;2522841,76;1063412,45;40
2024-04-24;Cartagena;Ropa;26;1640401,26;1452613,92;29
2024-04-25;Bucaramanga;Tecnología;15;1810533,84;1188284,39;8
2024-04-26;Cali;Tecnología;25;1402433,98;1587309,98;28
2024-04-26;Cali;Alimentos;11;1777985,17;964865,39;6
2024-04-29;Cartagena;Deportes;12;1879875,92;862438,34;28
2024-04-30;Bucaramanga;Deportes;27;2537959,6;1024630,24;29
2024-05-02;Bogotá;Alimentos;19;2874475,62;1073978,94;40
2024-05-02;Manizales;Alimentos;17;1938015,97;1131433,94;14
2024-05-02;Medellín;Hogar;21;1816800,37;1159502,09;10
2024-05-04;Manizales;Deportes;22;1985163,6;956457,32;6
2024-05-05;Cartagena;Alimentos;25;2702558,15;1073554,87;5
2024-05-06;Pereira;Deportes;18;1953938,85;1727329,59;23
2024-05-06;Bucaramanga;Ropa;17;1876572,3;842256,79;33
2024-05-08;Cali;Deportes;24;2224358,28;1111445,44;24
2024-05-09;Bucaramanga;Deportes;15;2147651,05;909598,67;40
2024-05-09;Manizales;Tecnología;16;1391440,93;1477932,9;11
2024-05-10;Barranquilla;Ropa;16;1184149,69;977836,46;15
2024-05-11;Cartagena;Tecnología;24;2608558,57;1025718,75;42
2024-05-11;Manizales;Ropa;22;2028080,36;932654,64;47
2024-05-12;Barranquilla;Ropa;15;2059427,36;1402441,16;22
2024-05-12;Bogotá;Hogar;22;2064674,93;1181394,81;14
2024-05-13;Cali;Ropa;19;1764927,4;1182079,22;27
2024-05-15;Cartagena;Hogar;21;1968492,49;760782,23;31
2024-05-19;Bogotá;Alimentos;21;1012633,86;615246,94;12
2024-05-22;Barranquilla;Tecnología;29;1812197,49;1434057,72;28
2024-05-22;Pereira;Deportes;18;1502777,56;1291309,18;10
2024-05-23;Barranquilla;Tecnología;16;1248849,57;1467267,03;10
2024-05-23;Barranquilla;Tecnología;23;2264729,98;1225373,73;17
2024-05-24;Manizales;Hogar;21;1259988,82;1524036,85;13
2024-05-24;Cali;Tecnología;26;932362,85;1100585,97;41
2024-05-25;Pereira;Deportes;22;2340642,1;1193779,87;49
2024-05-26;Barranquilla;Hogar;20;1824668,63;1227301,69;42
2024-05-27;Cali;Tecnología;12;1463488,27;826398,33;29
2024-05-28;Cali;Deportes;27;2696345,23;1016218,11;33
2024-05-28;Cartagena;Alimentos;16;2690280,37;1550171,02;27
2024-05-29;Bucaramanga;Ropa;20;2365301,23;1257772,4;37
2024-05-29;Bucaramanga;Ropa;24;1869115,94;882584,27;38
2024-05-29;Medellín;Hogar;18;1935006,7;1255994,13;44
2024-06-02;Cartagena;Deportes;26;2299837,9;922350,19;48
2024-06-03;Barranquilla;Ropa;20;1995078,13;1449444,2;49
2024-06-03;Barranquilla;Hogar;18;2010275,7;1107039,27;18
2024-06-04;Cartagena;Alimentos;19;3055682,29;1416196,36;40
2024-06-06;Medellín;Tecnología;21;1295578,8;1570065,73;17
2024-06-09;Cartagena;Tecnología;16;1138918,19;1086548,03;6
2024-06-11;Bucaramanga;Alimentos;13;1588587,8;1512265,33;45
2024-06-12;Medellín;Tecnología;19;2002771,25;926523,68;17
2024-06-13;Barranquilla;Alimentos;19;2309307,22;971914,92;10
2024-06-13;Bucaramanga;Deportes;19;1896923,92;1552097,23;12
2024-06-14;Bogotá;Alimentos;26;1949920,53;512101,87;47
2024-06-14;Cali;Alimentos;23;2490022,67;897906,58;22
2024-06-15;Pereira;Ropa;18;1385989,46;1084463,63;23
2024-06-15;Cartagena;Deportes;26;1407718,82;1173917,18;24
2024-06-16;Cali;Hogar;17;2365672,47;810048,62;31
2024-06-17;Cali;Tecnología;20;2232044,63;1173240,92;21
2024-06-18;Cali;Alimentos;15;1332011,54;845211,02;13
2024-06-19;Cali;Alimentos;22;2279051,07;1147622,94;31
2024-06-20;Medellín;Ropa;21;2092151,88;1641096,41;21
2024-06-21;Cali;Hogar;13;2249950,91;1358153,37;14
2024-06-22;Cali;Hogar;18;2184948,68;1638042,03;17
2024-06-24;Bogotá;Hogar;22;2198056,19;1412095,89;23
2024-06-25;Barranquilla;Tecnología;19;1299562,27;790324,66;17
2024-06-26;Pereira;Deportes;16;2222443,9;1238927,13;23
2024-06-26;Pereira;Tecnología;27;2874479,34;1632078,22;5
2024-06-26;Cartagena;Deportes;18;1117897,23;1041246,47;6
2024-06-26;Pereira;Deportes;19;2076949,66;1387880,01;33
2024-06-27;Medellín;Hogar;23;2774855,68;981995,82;5
2024-06-27;Manizales;Deportes;13;1739128,32;1207010,27;39
2024-06-28;Cali;Deportes;18;2276003,71;1228812,42;14
2024-06-29;Manizales;Alimentos;14;2238246,37;1303308,44;25
2024-06-29;Cali;Tecnología;19;2187736,82;1734306,87;37
2024-06-29;Cali;Tecnología;22;1361875,34;1684495,12;37
2024-06-29;Medellín;Tecnología;15;2697084,28;829610,95;25
2024-07-02;Pereira;Deportes;18;1932545,77;1845202,44;40
2024-07-02;Manizales;Deportes;17;1417492,55;1231272,74;5
2024-07-04;Pereira;Alimentos;16;2539373,46;714185,32;29
2024-07-05;Medellín;Tecnología;19;1383416,76;1231188,67;29
2024-07-05;Bogotá;Tecnología;18;1682454,03;998358,04;31
2024-07-08;Manizales;Hogar;17;2146216,55;1158480,93;40
2024-07-08;Barranquilla;Alimentos;20;2120478,87;1180032,83;43
2024-07-09;Bucaramanga;Deportes;21;1716970,63;1139516,48;40
2024-07-09;Cartagena;Alimentos;18;1256965,72;1218537,43;44
2024-07-10;Manizales;Tecnología;17;1008574,64;1361949,88;29
2024-07-11;Pereira;Ropa;15;2000685,62;1460785,34;27
2024-07-12;Manizales;Hogar;23;2336899;955920,76;49
2024-07-15;Pereira;Hogar;25;1327936,27;1214120,22;34
2024-07-15;Manizales;Deportes;22;1505094,15;831146,04;29
2024-07-16;Pereira;Tecnología;20;2655354,64;781907,82;18
2024-07-16;Bucaramanga;Deportes;21;1613932,27;1285176,77;28
2024-07-16;Barranquilla;Hogar;9;1585851,62;1293952,12;15
2024-07-17;Medellín;Deportes;24;995533,11;1405506,12;17
2024-07-18;Bogotá;Deportes;18;2540681,11;281664,58;30
2024-07-18;Bogotá;Ropa;24;1913494,85;1268551,29;46
2024-07-20;Cartagena;Ropa;19;1857542,45;1411025,8;34
2024-07-21;Bucaramanga;Deportes;17;1896089,25;1382937,21;17
2024-07-21;Pereira;Deportes;19;1807871,24;1382133,14;8
2024-07-22;Bogotá;Hogar;17;1904782;1182808,87;20
2024-07-22;Bogotá;Tecnología;31;2136473,24;1165147,13;7
2024-07-23;Medellín;Hogar;20;1638000,83;975231,78;31
2024-07-23;Pereira;Hogar;26;2676620,28;989643,66;34
2024-07-24;Medellín;Hogar;29;1632531,97;1071110,9;21
2024-07-27;Medellín;Hogar;15;2358555,82;1491584,28;5
2024-07-28;Medellín;Tecnología;17;2068140,03;1199216,37;26
2024-08-01;Barranquilla;Deportes;22;2060163,06;769982,68;18
2024-08-03;Cartagena;Hogar;11;1477930,39;1015172,4;45
2024-08-04;Manizales;Deportes;20;1389314,03;1002462,96;30
2024-08-04;Pereira;Deportes;16;2157063,68;1146014,21;41
2024-08-04;Bogotá;Deportes;30;2643866,72;530586,87;44
2024-08-06;Cali;Alimentos;21;1904663,15;1501397,21;16
2024-08-08;Barranquilla;Tecnología;20;2486052,74;1016873,07;27
2024-08-10;Bucaramanga;Alimentos;19;2266631,72;1293630,91;45
2024-08-10;Pereira;Ropa;9;1317326,38;1424718,75;40
2024-08-11;Bucaramanga;Tecnología;26;1893744,71;1158187,34;12
2024-08-11;Cali;Tecnología;21;1723746,79;2252428,65;36
2024-08-13;Cartagena;Ropa;21;2093033,79;769555,04;37
2024-08-18;Pereira;Deportes;28;1610043,76;1296430,05;33
2024-08-18;Cartagena;Tecnología;18;2460055,55;1265756,01;26
2024-08-23;Manizales;Deportes;23;2243231,52;1310067,5;49
2024-08-24;Bogotá;Hogar;22;2484213,17;1229235,01;36
2024-08-24;Pereira;Hogar;14;1632030,05;1090029,29;23
2024-08-27;Cali;Ropa;21;2111344,29;1347350,09;29
2024-08-28;Pereira;Ropa;24;1341468,7;886718,91;26
2024-08-28;Bogotá;Ropa;17;1950666,23;1292850,14;13
2024-08-29;Pereira;Ropa;22;1929326,18;1105577,4;46
2024-08-30;Medellín;Alimentos;19;3154205,93;1227178,47;12
2024-08-30;Bogotá;Tecnología;28;2351600,35;1507963,85;24
2024-08-31;Pereira;Ropa;22;1476800,1;1205879,8;24
2024-08-31;Manizales;Deportes;25;1450418,22;1103845,58;46
2024-09-02;Pereira;Alimentos;26;2372132,74;1093331,26;8
2024-09-02;Cali;Deportes;25;1676471,82;1677185,34;7
2024-09-04;Pereira;Tecnología;22;2563716,47;1789151,21;21
2024-09-04;Pereira;Hogar;15;2119487,32;1182479,56;47
2024-09-06;Manizales;Hogar;24;1771036,27;657465,82;25
2024-09-07;Medellín;Hogar;17;2330276,63;1615589,87;36
2024-09-07;Bogotá;Ropa;26;2259926,51;1455227,12;46
2024-09-07;Bogotá;Alimentos;24;2185838,81;868097,4;43
2024-09-07;Barranquilla;Alimentos;24;2493167,7;925927,75;30
2024-09-07;Pereira;Deportes;16;2057774,73;1011717,17;48
2024-09-08;Cali;Ropa;20;2214839,59;951184,07;28
2024-09-09;Bogotá;Ropa;23;2488386,85;974072,98;5
2024-09-10;Medellín;Tecnología;17;2155845,03;1074886,19;39
2024-09-11;Pereira;Deportes;21;2697089,02;1091900,08;38
2024-09-12;Cartagena;Hogar;21;2148789,72;1031048,81;45
2024-09-15;Bogotá;Ropa;26;1632231,5;1289222,5;33
2024-09-18;Cartagena;Hogar;17;2199621,93;1089833,81;30
2024-09-18;Cali;Deportes;18;2019776,06;1282359,19;18
2024-09-19;Cali;Tecnología;15;2032342,92;939297,09;9
2024-09-23;Cali;Deportes;23;2080630,28;1844640,43;29
2024-09-23;Cartagena;Tecnología;32;2200111,5;809954,37;43
2024-09-24;Cali;Alimentos;19;1544642,83;1275602,39;5
2024-09-25;Cali;Alimentos;16;2434861,25;1685670,85;47
2024-09-26;Medellín;Alimentos;22;954882,77;1244523,97;14
2024-09-26;Barranquilla;Alimentos;17;1668956,43;999788,25;21
2024-09-28;Cartagena;Deportes;20;1424045,38;1930586,03;25
2024-09-28;Cali;Deportes;19;1859343,32;1079851,15;49
2024-09-30;Barranquilla;Alimentos;26;1096470,93;703274,6;36
2024-09-30;Cartagena;Tecnología;27;1929046,8;1249955,09;30
2024-10-02;Bucaramanga;Deportes;25;1203780,09;1182660,82;33
2024-10-02;Cartagena;Alimentos;20;1558302,27;1403524,41;41
2024-10-04;Manizales;Deportes;22;1737559,11;814666,28;48
2024-10-05;Cali;Tecnología;20;1967190,17;1130543,06;8
2024-10-05;Bucaramanga;Ropa;24;1814389,39;1491386,96;18
2024-10-07;Cali;Tecnología;26;2151411,67;1288232,59;27
2024-10-07;Bogotá;Hogar;17;2544694,65;1043919,88;46
2024-10-08;Cali;Alimentos;23;1355117,94;1335025,5;19
2024-10-13;Pereira;Alimentos;17;1171420,22;1548742,2;24
2024-10-13;Bucaramanga;Hogar;17;2698853,66;1001014,47;47
2024-10-14;Barranquilla;Hogar;19;2063540,87;862427,53;27
2024-10-19;Barranquilla;Ropa;25;2561438,4;1010656,85;13
2024-10-19;Bogotá;Deportes;14;2332351,76;1381066,86;16
2024-10-20;Medellín;Ropa;16;2214551,07;942871,73;36
2024-10-22;Pereira;Ropa;16;1793295,42;1095531;21
2024-10-23;Barranquilla;Hogar;20;1634554,93;1633303,58;36
2024-10-25;Manizales;Tecnología;22;1946686,64;1351406,21;26
2024-10-25;Bogotá;Hogar;25;1502778,07;783242,65;25
2024-10-27;Pereira;Hogar;24;2252035,08;1756445,53;41
2024-10-30;Medellín;Tecnología;28;2004319,09;1259960,06;26
2024-11-02;Bucaramanga;Hogar;17;1760745,65;1520097,56;46
2024-11-03;Pereira;Tecnología;23;2497136,52;1432459,37;19
2024-11-04;Pereira;Alimentos;26;2767446,4;1203476,55;11
2024-11-05;Barranquilla;Tecnología;23;1915765,45;1229008,39;30
2024-11-05;Medellín;Tecnología;26;2643655,62;1409958,3;19
2024-11-06;Manizales;Tecnología;24;2118861,54;991907,14;14
2024-11-07;Bogotá;Hogar;17;1835790,71;1293362,87;6
2024-11-07;Barranquilla;Deportes;19;2139067,27;1108988,98;18
2024-11-07;Barranquilla;Deportes;15;2125819,25;1370585,91;41
2024-11-08;Medellín;Hogar;23;1833013,03;1146170,58;21
2024-11-09;Pereira;Tecnología;17;1976140,12;1264328,88;20
2024-11-09;Barranquilla;Tecnología;17;1649175,86;1449998,23;14
2024-11-11;Cali;Tecnología;18;1368178,61;1037605,95;18
2024-11-12;Bucaramanga;Deportes;23;1692616,58;1120814,23;15
2024-11-13;Pereira;Alimentos;20;2756272,23;683498,22;48
2024-11-14;Cali;Deportes;18;1785012,38;1510508,67;44
2024-11-15;Bucaramanga;Tecnología;11;3097530,61;1082584,65;10
2024-11-15;Medellín;Ropa;13;1931283,76;575102,36;40
2024-11-15;Cartagena;Alimentos;17;2915125,9;1044969,77;36
2024-11-16;Barranquilla;Alimentos;31;1653812,57;1326659,44;45
2024-11-17;Barranquilla;Ropa;23;1849316,1;1226301,16;28
2024-11-19;Manizales;Deportes;15;1171652,88;1366030,78;34
2024-11-20;Bucaramanga;Alimentos;23;1158876,65;967676,24;14
2024-11-20;Bucaramanga;Ropa;26;2317381,45;1564871,02;41
2024-11-20;Cali;Ropa;23;1675969,04;1102056,43;35
2024-11-22;Bogotá;Tecnología;21;2319092,11;1071638,25;29
2024-11-22;Bogotá;Hogar;21;1712863,69;1670258,88;23
2024-11-23;Cali;Ropa;15;1799956,91;1422902,97;33
2024-11-23;Pereira;Ropa;17;1770674,34;1214254,57;30
2024-11-23;Barranquilla;Tecnología;21;2547701,1;1067783,84;28
2024-11-23;Cartagena;Deportes;23;2668231,32;1165566,14;10
2024-11-23;Barranquilla;Hogar;22;2538962,87;913577,67;30
2024-11-23;Cali;Ropa;24;2453944,22;1240186,8;39
2024-11-24;Bucaramanga;Hogar;17;1871343,65;1235417,17;5
2024-11-26;Barranquilla;Deportes;14;2242349,77;1038352,84;44
2024-11-28;Cali;Tecnología;15;2112619,82;1059758,67;25
2024-11-29;Cartagena;Ropa;16;1527441,36;1334736,85;16
2024-11-29;Barranquilla;Tecnología;17;2029345,78;1073462,57;6
2024-11-29;Bogotá;Alimentos;16;1888456,7;1929157,88;46
2024-12-01;Bucaramanga;Deportes;19;1421287,57;999812,89;24
2024-12-01;Barranquilla;Hogar;14;2312495,51;1488828,65;36
2024-12-03;Bogotá;Ropa;12;1814453,75;612399;32
2024-12-04;Manizales;Tecnología;14;1781325,79;1206813,29;45
2024-12-04;Bogotá;Alimentos;24;2765694,01;636631,07;24
2024-12-05;Manizales;Tecnología;24;3165046,34;825963,24;37
2024-12-05;Barranquilla;Ropa;22;2722006,1;815112,38;19
2024-12-06;Bogotá;Hogar;24;1653961,99;1438088,72;12
2024-12-07;Bucaramanga;Tecnología;16;1341305,12;1562350,72;17
2024-12-08;Barranquilla;Tecnología;14;1718650,7;999138,14;14
2024-12-09;Medellín;Hogar;22;2417467,47;859192,7;9
2024-12-10;Pereira;Alimentos;20;2175402,73;952897,25;40
2024-12-11;Pereira;Alimentos;12;2056302,46;1335156,28;9
2024-12-12;Manizales;Alimentos;15;1830175,45;1156667,36;8
2024-12-12;Bucaramanga;Tecnología;27;2228899,41;760643,98;47
2024-12-14;Manizales;Alimentos;25;1810622,58;206207,71;7
2024-12-17;Bucaramanga;Deportes;16;2214198,76;953153,86;38
2024-12-19;Medellín;Ropa;30;1968824,65;1296867,93;47
2024-12-20;Cartagena;Ropa;21;1840733,14;1583274,18;35
2024-12-22;Barranquilla;Alimentos;15;1151793,26;959004,72;20
2024-12-24;Bogotá;Deportes;21;2031842,52;1260204,63;15
2024-12-24;Cali;Deportes;21;1882363,78;1327398,47;18
2024-12-25;Barranquilla;Alimentos;23;1645550,76;1172746,06;5
2024-12-28;Medellín;Alimentos;16;1374105,34;1420340,68;11
2024-12-29;Pereira;Alimentos;15;2040388,11;1180098,53;23
2024-12-30;Bogotá;Deportes;14;2715758,95;1303244,75;22
2025-01-02;Bogotá;Deportes;19;1731248,45;1459846,95;11
2025-01-03;Medellín;Ropa;19;1743378,37;990314,26;21
2025-01-04;Barranquilla;Alimentos;21;2307937,15;770563,65;36
2025-01-06;Pereira;Alimentos;23;1682937,06;1182847,87;14
2025-01-08;Pereira;Alimentos;19;1667028,83;1011310,88;26
2025-01-08;Pereira;Tecnología;26;2063125,3;1453585,03;45
2025-01-08;Bucaramanga;Tecnología;21;1974320,04;764081,8;10
2025-01-12;Barranquilla;Ropa;23;1674560,54;848649,89;30
2025-01-13;Bogotá;Deportes;19;1572400,04;1335901,2;30
2025-01-16;Cali;Tecnología;24;3031345,04;1489622,95;15
2025-01-17;Cali;Tecnología;23;676370,59;1010701,64;45
2025-01-17;Barranquilla;Deportes;18;2346495,06;1302540,41;9
2025-01-18;Cartagena;Alimentos;22;1813263,54;1442491,15;21
2025-01-18;Bogotá;Deportes;16;1979653,81;1248285,25;46
2025-01-19;Cartagena;Hogar;17;2598511,44;750328,22;17
2025-01-22;Barranquilla;Tecnología;22;1928327,64;1355237,68;37
2025-01-23;Cali;Alimentos;21;3056368;1016132,53;21
2025-01-25;Bucaramanga;Alimentos;16;1764681,9;1736469,33;37
2025-01-26;Cartagena;Hogar;12;2236598,75;1241831,66;17
2025-01-26;Manizales;Deportes;22;2357086,83;985285,68;46
2025-01-27;Cartagena;Tecnología;25;2198056,24;1104452,48;26
2025-01-31;Manizales;Ropa;25;1781511,26;1216150,87;5
2025-02-01;Pereira;Hogar;15;2378845,12;774517,1;22
2025-02-02;Pereira;Hogar;24;1349484,51;945746,29;9
2025-02-02;Manizales;Deportes;28;1709304,18;1131442,01;15
2025-02-03;Bucaramanga;Alimentos;15;1456432,06;1524127,51;27
2025-02-03;Pereira;Tecnología;23;2435735,69;1428968,86;14
2025-02-04;Bucaramanga;Hogar;18;2857238,41;843106,28;34
2025-02-05;Medellín;Ropa;14;2242605,14;1683499,62;43
2025-02-05;Cali;Tecnología;14;1752043,02;977310,45;31
2025-02-06;Bucaramanga;Alimentos;25;2138032,23;1680916,33;34
2025-02-07;Cartagena;Hogar;16;2162790,12;807927,11;22
2025-02-08;Medellín;Ropa;18;1427531,91;1397691,35;31
2025-02-09;Medellín;Tecnología;24;1761071,24;740761,79;15
2025-02-09;Bogotá;Alimentos;22;1655101,31;1244898,11;33
2025-02-10;Cali;Hogar;28;1794496,44;1459187,75;38
2025-02-10;Cali;Ropa;21;1921017,13;1141390,54;44
2025-02-11;Bogotá;Ropa;25;2492606,4;1799312,09;36
2025-02-12;Cali;Tecnología;23;3367673,16;671379,72;18
2025-02-12;Medellín;Deportes;20;1777813,85;985858,59;6
2025-02-12;Bucaramanga;Ropa;26;2490343,69;1430061,24;17
2025-02-12;Barranquilla;Tecnología;16;1929279,56;1083049,96;37
2025-02-16;Barranquilla;Deportes;16;2531999,35;1511934,78;11
2025-02-18;Barranquilla;Deportes;14;2515280,86;1540983,13;24
2025-02-19;Bucaramanga;Alimentos;16;3092182,94;1246513,16;11
2025-02-20;Bucaramanga;Deportes;18;2020930,44;1490641,59;38
2025-02-20;Bucaramanga;Tecnología;27;3400040,44;1247511,01;48
2025-02-20;Pereira;Deportes;15;1544357,6;1184699,23;10
2025-02-20;Barranquilla;Alimentos;28;2761266,27;938959,4;22
2025-02-22;Manizales;Deportes;22;2531636,07;660072,61;29
2025-02-24;Cali;Hogar;19;1660322,58;1416266,05;6
2025-02-24;Bogotá;Deportes;20;1513113,34;1193651,69;6
2025-02-26;Bogotá;Tecnología;16;1670490,33;1015709,13;44
2025-03-03;Manizales;Tecnología;16;1507345,85;1599750,94;7
2025-03-04;Medellín;Deportes;24;1132030,21;1129677,28;27
2025-03-04;Manizales;Ropa;19;1761488,14;985843,03;19
2025-03-04;Bogotá;Deportes;20;2079981,41;982977,96;26
2025-03-06;Barranquilla;Tecnología;16;1660330,58;1649219,09;43
2025-03-07;Manizales;Tecnología;23;2371114,98;1435867,64;29
2025-03-08;Barranquilla;Deportes;25;1626698,6;1240398,51;9
2025-03-09;Cali;Deportes;27;2053529,66;1222592,64;22
2025-03-09;Cali;Deportes;22;2259135,03;1140861,79;37
2025-03-09;Cartagena;Deportes;32;439102,34;1102392,82;39
2025-03-09;Bucaramanga;Alimentos;19;1736787,76;1401847,38;14
2025-03-09;Cali;Tecnología;19;1166676,41;1372157,59;30
2025-03-11;Pereira;Ropa;15;1845616,56;1400203,13;44
2025-03-12;Manizales;Ropa;22;2092407,36;977146,15;18
2025-03-13;Bucaramanga;Ropa;27;2126605,97;931438,25;40
2025-03-13;Bucaramanga;Alimentos;25;1271072,7;1162056,48;9
2025-03-16;Pereira;Tecnología;26;2697394,7;945940,13;48
2025-03-16;Manizales;Hogar;23;2129943,28;1442472,14;30
2025-03-17;Medellín;Alimentos;23;1428582,88;880520,55;43
2025-03-19;Cartagena;Deportes;20;1096713,54;1237566,71;21
2025-03-22;Cartagena;Tecnología;20;1166113,89;869351,32;27
2025-03-24;Pereira;Ropa;22;1802918,71;1255777,04;46
2025-03-24;Cali;Tecnología;22;1721491,87;1454195,96;32
2025-03-25;Cartagena;Tecnología;15;2032521,49;1100892,03;29
2025-03-26;Pereira;Deportes;24;2178798,51;1163831,43;24
2025-03-29;Barranquilla;Ropa;27;1644502,2;1215941,47;48
2025-03-29;Bucaramanga;Ropa;16;2125949,8;779392,55;30
2025-04-02;Cali;Hogar;25;2293573,17;1301989,94;34
2025-04-02;Medellín;Hogar;24;1881326,21;1050692,54;7
2025-04-04;Pereira;Hogar;17;2325498,81;1186159,05;23
2025-04-05;Manizales;Ropa;19;1664850,01;1426659,29;42
2025-04-07;Bogotá;Hogar;20;1808927,27;1513126,1;42
2025-04-07;Manizales;Alimentos;20;1517122,18;1856315,15;22
2025-04-08;Cali;Hogar;21;2670152,09;1030635,87;26
2025-04-10;Medellín;Alimentos;13;2248467,25;1477195,07;23
2025-04-10;Manizales;Tecnología;22;2208318,17;928343,26;25
2025-04-10;Cartagena;Alimentos;17;2898296,29;1378692,83;22
2025-04-11;Medellín;Alimentos;20;1876876,95;805252,1;22
2025-04-11;Bucaramanga;Hogar;27;2639300,35;981349;9
2025-04-11;Bucaramanga;Deportes;23;2495155,3;1377282,4;21
2025-04-12;Cartagena;Tecnología;22;1414671,96;755807,06;26
2025-04-12;Pereira;Ropa;20;2064233,25;1085380,1;18
2025-04-13;Bucaramanga;Ropa;18;1914595,89;1304260,24;18
2025-04-13;Bucaramanga;Ropa;29;2106612,45;678196,66;33
2025-04-13;Pereira;Deportes;21;2039974,61;1017469,79;9
2025-04-13;Medellín;Hogar;20;2315140,39;1112197,19;45
2025-04-15;Bucaramanga;Alimentos;12;1819886,67;1331805,46;11
2025-04-16;Medellín;Alimentos;15;1127160,01;1048311,65;37
2025-04-16;Cali;Hogar;20;2320376,28;1454684,32;29
2025-04-20;Bogotá;Hogar;27;1921226,56;1171075,4;28
2025-04-20;Cartagena;Deportes;24;1042512;1570704,71;49
2025-04-21;Barranquilla;Tecnología;18;1659446,3;1293593,41;10
2025-04-22;Bucaramanga;Tecnología;24;990412,35;295523,07;41
2025-04-24;Barranquilla;Alimentos;17;2163750,14;1512009,07;25
2025-04-24;Pereira;Hogar;18;1968335,83;1382938,69;24
2025-04-25;Cali;Ropa;29;2595297,56;882728,37;32
2025-04-26;Barranquilla;Tecnología;14;2183671,95;909770,74;26
2025-04-26;Bucaramanga;Hogar;16;2269023,13;1463690,31;16
2025-04-27;Bogotá;Deportes;22;1990844,79;1243617,14;18
2025-04-27;Manizales;Tecnología;22;2233254,67;1632962,22;40
2025-04-28;Barranquilla;Alimentos;22;1232625,31;1667196,37;24
2025-04-29;Bucaramanga;Hogar;16;1909811,12;1096038,66;34
2025-04-29;Bucaramanga;Ropa;17;2439748,36;672354,51;34
2025-04-30;Medellín;Hogar;23;2062869,63;1344836,3;32
2025-04-30;Manizales;Tecnología;15;1916713,2;1046228,16;15
2025-04-30;Barranquilla;Tecnología;18;2010748,05;2025506,75;17
2025-05-01;Manizales;Tecnología;24;2529519,47;998027,2;41
2025-05-01;Bucaramanga;Tecnología;33;927973,84;1385030,61;10
2025-05-01;Barranquilla;Alimentos;19;1520707,96;1538728,31;12
2025-05-02;Cartagena;Ropa;17;1852187,48;720283,94;23
2025-05-03;Manizales;Alimentos;20;1438192,29;1218486,82;38
2025-05-04;Bogotá;Hogar;24;1730677,74;1454097,15;44
2025-05-04;Cartagena;Ropa;18;1078810,12;1088907,17;40
2025-05-05;Bucaramanga;Tecnología;15;2526734,57;1325451,82;39
2025-05-05;Medellín;Hogar;23;2074420,88;1333749,53;23
2025-05-07;Pereira;Hogar;16;1648574;589110,85;48
2025-05-08;Cartagena;Tecnología;18;1729549,64;773644,22;5
2025-05-08;Pereira;Tecnología;19;1631911,4;925722,15;21
2025-05-08;Cali;Ropa;17;1570037,34;999772,46;30
2025-05-08;Cartagena;Ropa;15;1954345,97;1237353,25;20
2025-05-09;Bogotá;Deportes;20;1842016,8;1137232,82;33
2025-05-09;Cali;Ropa;20;2328233,85;1269507,76;18
2025-05-09;Bucaramanga;Deportes;24;2207882,63;1750954,02;31
2025-05-09;Pereira;Deportes;11;1555877,33;985785,88;19
2025-05-11;Cartagena;Deportes;18;2625850,39;868122,53;6
2025-05-13;Bogotá;Deportes;19;1732451,08;991535,86;30
2025-05-14;Bucaramanga;Ropa;22;2167114,93;920896,76;5
2025-05-15;Bucaramanga;Ropa;18;1205784,72;1124973,13;5
2025-05-17;Bucaramanga;Hogar;8;1894236,21;1162520,63;31
2025-05-18;Pereira;Ropa;21;2283728,83;1340080,91;43
2025-05-19;Cali;Alimentos;22;642621,71;1162339,97;11
2025-05-20;Cartagena;Tecnología;22;2204088,37;1101116;36
2025-05-23;Pereira;Ropa;21;2038524,72;661429,56;8
2025-05-24;Pereira;Ropa;23;2132027,74;1342577,21;24
2025-05-24;Bogotá;Ropa;23;2673732;1397132,89;9
2025-05-26;Bucaramanga;Tecnología;24;1447030,95;1250753,06;32
2025-05-26;Barranquilla;Ropa;27;2408517,73;623192,06;46
2025-05-27;Bucaramanga;Hogar;23;2278893,66;1360666,39;20
2025-05-27;Bogotá;Alimentos;20;1436650,78;936936,18;44
2025-05-27;Pereira;Tecnología;12;2436482,55;831183,5;19
2025-05-28;Manizales;Hogar;19;1821086,87;1010114,51;15
2025-05-29;Manizales;Ropa;18;2046281,23;603524,65;34
2025-05-30;Barranquilla;Ropa;21;2288606,8;586506,78;43
2025-05-31;Medellín;Hogar;17;2138282,76;1400615,67;5
2025-06-02;Bucaramanga;Deportes;15;1834843,86;657377,24;29
2025-06-03;Barranquilla;Deportes;19;2054054,53;1383856,23;17
2025-06-04;Bucaramanga;Ropa;16;2300939,31;1253223,73;22
2025-06-05;Barranquilla;Tecnología;19;1640981,77;1036035,23;40
2025-06-05;Bucaramanga;Alimentos;23;1722245,67;1166540,31;25
2025-06-07;Bucaramanga;Tecnología;16;2801789,57;1405014,61;14
2025-06-08;Cartagena;Tecnología;18;1582395,88;1409995,68;22
2025-06-09;Bucaramanga;Hogar;23;2235641,51;1592796,03;49
2025-06-09;Bucaramanga;Hogar;15;796502,78;1354287,3;24
2025-06-10;Cali;Ropa;18;1355406,34;1420575,71;47
2025-06-11;Bogotá;Alimentos;15;2127894,66;1243303,4;20
2025-06-11;Bogotá;Tecnología;15;2332711,7;1235773,53;10
2025-06-12;Bogotá;Tecnología;19;2750961,55;1299868,36;6
2025-06-12;Manizales;Tecnología;18;2364199,94;1105495,56;35
2025-06-12;Manizales;Ropa;17;1595025,04;1409372,6;39
2025-06-13;Cartagena;Alimentos;13;1284487,88;1712471,83;17
2025-06-15;Cartagena;Ropa;23;1919410,69;1236032,82;7
2025-06-15;Manizales;Ropa;17;1633698,75;1924304,43;5
2025-06-17;Bucaramanga;Tecnología;25;2417455,09;967047,57;29
2025-06-18;Bucaramanga;Tecnología;17;2553926,63;947843,27;27
2025-06-20;Cali;Ropa;19;1812783,92;1413926,78;5
2025-06-20;Bogotá;Hogar;21;1418491,1;773837,7;31
2025-06-21;Manizales;Alimentos;21;1226690,88;1772201,93;44
2025-06-21;Bogotá;Deportes;22;2576008,77;1457810,07;38
2025-06-21;Bucaramanga;Ropa;17;2212658,18;1443883,89;18
2025-06-22;Medellín;Deportes;21;1858078,71;722829,97;14
2025-06-22;Bogotá;Ropa;17;2978755,73;1255916,88;15
2025-06-26;Bucaramanga;Ropa;16;2540204,29;866545,14;36
2025-06-27;Medellín;Alimentos;25;1858421,43;1075474,62;29
2025-06-27;Barranquilla;Deportes;22;1647831,89;1137209,91;37
2025-06-30;Cali;Alimentos;20;2225232,29;847382,79;16
2025-07-01;Bogotá;Tecnología;25;2279317,77;1433206,18;30
2025-07-01;Cali;Alimentos;14;2502551,8;1262434,02;6
2025-07-01;Bucaramanga;Tecnología;21;2541123,41;1315431,1;30
2025-07-02;Bogotá;Deportes;21;2328308,11;1117981,11;18
2025-07-02;Bogotá;Hogar;19;2160470,07;1273656,4;18
2025-07-02;Cali;Ropa;19;2778370,93;1291157,21;34
2025-07-03;Medellín;Deportes;21;2449097,4;1022918,97;24
2025-07-04;Barranquilla;Ropa;22;1931757,13;1482326,32;13
2025-07-04;Cartagena;Deportes;16;2198457,84;1034888,85;12
2025-07-05;Manizales;Alimentos;25;1863826,02;1262494,22;19
2025-07-06;Pereira;Alimentos;19;2340453,89;881593,59;12
2025-07-07;Cartagena;Tecnología;15;1902112,87;1235764,78;11
2025-07-08;Barranquilla;Tecnología;14;2706402,58;1288726,47;37
2025-07-11;Cali;Hogar;16;2019877,51;1285271,2;47
2025-07-12;Bucaramanga;Deportes;21;1825058,25;1031387,24;23
2025-07-13;Bogotá;Tecnología;16;1853363,19;1247950,76;23
2025-07-13;Pereira;Tecnología;13;1688385,59;786238,39;10
2025-07-13;Manizales;Deportes;12;1750021,35;1631755,53;14
2025-07-14;Cartagena;Tecnología;26;2407629,55;1281308,21;23
2025-07-14;Pereira;Alimentos;17;2341488,52;1167590,3;32
2025-07-16;Bogotá;Hogar;26;2711783,16;1310957,77;44
2025-07-17;Pereira;Alimentos;14;2492744,2;886222,38;40
2025-07-17;Barranquilla;Tecnología;21;1355513,07;1439003,7;5
2025-07-18;Barranquilla;Alimentos;16;3026343,65;1493791,83;8
2025-07-20;Pereira;Hogar;26;2012302,47;1272185,99;43
2025-07-20;Pereira;Ropa;14;1733622,78;941468,48;14
2025-07-22;Barranquilla;Alimentos;22;2712295,45;1028903,12;36
2025-07-22;Medellín;Ropa;17;1803584,22;1095260,67;8
2025-07-23;Bucaramanga;Ropa;17;2089699,14;1206098,48;14
2025-07-25;Bogotá;Alimentos;19;1355887,84;1682372,69;16
2025-07-25;Bogotá;Tecnología;14;2079957,92;946948,64;27
2025-07-25;Medellín;Alimentos;22;2840830,02;1731132,02;29
2025-07-25;Manizales;Ropa;16;1939921,59;1496521,74;12
